Id,Name,Desc,ProgressingDesc,CategoryEnum,CycleEnum,IsRepeatable,LinkedPrevId,RequiredId,AutoAccept,CannotAbandon,ConsumeItems,RewardItems,Priority,Disable,RewardUnlockId,GiverNpcId,TurnInNpcId,RewardPortalId,RequiredLevel,RequiredJobId,RewardJobId,RewardSP,RequiredHaveItems
101,첫 걸음 - 풀 뜯기,맨손으로 들판의 풀을 뜯어 모아보세요.,풀을 3개 채집하세요. (맨손으로 가능),Sub,,,,,O,O,,Stone:5,1,,,,,,,,,,
102,도구 제작 - 주먹도끼,모은 돌로 첫 도구인 주먹도끼를 만들어보세요.,C 키로 제작창을 열고 주먹도끼를 제작하세요.,Sub,,,101,,O,O,,Wood:2,2,,,,,,,,,,
103,나무 베기,주먹도끼로 나무를 베어 목재를 모으세요.,나무를 베어 나무 5개를 모으세요.,Sub,,,102,,O,O,,Stone:3,3,,,,,,,,,,
104,도구 제작 - 곡괭이,목재와 돌로 돌 곡괭이를 제작하세요.,제작창에서 돌 곡괭이를 제작하세요.,Sub,,,103,,O,O,,Wood:8,4,,,,,,,,,,
105,광물 채광 - 돌 캐기,곡괭이로 단단한 돌을 캐보세요.,곡괭이로 돌을 캐 돌 3개를 모으세요.,Sub,,,104,,O,O,,Wood:5,5,,,,,,,,,,
106,나만의 창고 짓기,나무 상자를 만들어 영지에 설치하세요.,나무 상자를 제작한 뒤 Ctrl로 설치하세요.,Sub,,,105,,O,O,,Stone:4,6,,,,,town,,,,,
107,넓은 세계로,영지의 포탈을 이용해 바깥으로 떠나보세요.,포탈에 상호작용해 다른 지역으로 이동하세요.,Sub,,,106,,O,O,,Wood:10|Stone:10,7,,quest_cooking_pot,,,,,,,,
108,왠지 던질 수 있을것 같습니다..,주먹도끼를 손에 쥐니 묘한 생각이 듭니다.,스킬창(K)에서 주먹도끼 던지기를 습득하세요.,Sub,,,102,,O,O,,Hand Axe:20,8,,,,,,,,,,
201,어디선가 느껴지는 기운,마을 밖 들판에서 신비로운 기운이 어른거린다네. 조사에 쓸 풀을 조금 모아 와 주게.,풀을 5개 채집해 촌장에게 보고하세요.,Main,,,,107,,O,Grass:5,Wood:15|Stone:10,10,,,elder,elder,,,,,,
202,연못가의 첫 수업,마음이 복잡할 땐 낚싯대부터 쥐어보는 법이지. 나무로 하나 만들어 보게.,낚싯대를 제작해 낚시꾼에게 보여 주세요.,Main,,,,201,,O,,Coin:30,11,,,fisher,fisher,,,,,,
203,대장간의 땔감 준비,화로에 지필 장작이 필요하다네. 나무를 모아 대장장이 로체에게 전해 주게.,나무 10개를 모아 대장장이에게 전하세요.,Main,,,,202,,O,Wood:10,Grass Seed:5,12,,,blacksmith,blacksmith,,,,,,
204,연구원의 받침돌,연구소 창가에 둘 받침석이 필요해. 돌을 모아 줘.,돌 10개를 모아 연구원에게 전하세요.,Main,,,,203,,O,Stone:10,Roasted Grass:3,13,,,researcher,researcher,,,,,,
205,벌판의 기척,벌판 소문이 심상치 않네. 흙 벌판에 다녀와 주게.,사냥터 1구역으로 이동하세요.,Main,,,,204,,O,,Wood:20|Stone:20,14,,,elder,elder,,,,,,
211,잠식된 이웃 퇴치,벌판의 슬라임이 잠식되었네. 다섯을 퇴치하고 돌아오게.,슬라임을 5마리 퇴치하세요.,Main,,,,205,,O,,Coin:40,20,,,elder,elder,,,,,,
212,검은 이슬 표본,퇴치한 슬라임에서 젤리가 떨어질 거야. 표본 세 개를 가져와.,슬라임 젤리 3개를 모아 연구원에게 전하세요.,Main,,,,211,,O,Slime Jelly:3,Roasted Grass:5,21,,,researcher,researcher,,,,,,
213,구리 한 줌,이제 광석을 두드릴 때야. 벌판에서 구리 광석을 모아 오자고.,구리 광석 10개를 모아 대장장이에게 전하세요.,Main,,,,212,,O,Copper Ore:10,Wood:10,22,,,blacksmith,blacksmith,,,,,,
214,화로의 첫 쇳물,광석을 화로에 넣고 구리 주괴를 뽑아 보게.,구리 주괴 2개를 제련하세요.,Main,,,,213,,O,,Stone:10,23,,,blacksmith,blacksmith,,,,,,
215,구리 손맛,구리 곡괭이를 만들어 손맛을 보게. 연구소 연구가 필요할 수 있네.,구리 곡괭이를 제작하세요.,Main,,,,214,,O,,Coin:50,24,,,blacksmith,blacksmith,,,,,,
216,이정표 아래에서,벌판 이정표 곁의 멧돼지를 퇴치하고 문양을 살펴보게.,멧돼지를 3마리 퇴치하세요.,Main,,,,215,,O,,Wood:20|Stone:20,25,,,elder,elder,,,,,,
301,올가미를 엮을 질긴 풀,덫과 올가미를 단단히 엮으려면 질긴 풀이 제격입니다. 들판에서 풀 10개를 채집해 마리에게 가져가세요.,풀 10개를 채집해 마리에게 전하세요.,Sub,None,,107,,,,Grass:10,,301,,,vendor,vendor,,4,novice,,1,
302,사냥꾼의 시험: 거대한 표적,트래퍼 전직 시험입니다. 벌판의 날쌘 멧돼지 3마리를 사냥하고 우두머리 슬라임킹을 쓰러뜨려 대형 슬라임 젤리를 가져오세요. 보고하면 이 직업으로 확정되며 다른 직업 시험은 포기해야 합니다.,멧돼지 3마리를 처치하고 슬라임킹의 대형 젤리를 챙겨 마리에게 보고하세요.,Sub,None,,301,,,,Large Slime Jelly:1,Hand Axe:20|Hunter Dagger:1,302,,,vendor,vendor,,6,novice,trapper,5,
303,트래퍼의 실전: 사냥꾼의 덫,트래퍼의 첫 전투 기술을 배우고 실전에서 익혀 보세요. 완수하면 다음 스킬을 배울 수 있습니다.,스킬창(K)에서 사냥꾼의 덫을 배우고 슬라임 5마리를 처치한 뒤 마리에게 보고하세요.,Sub,None,,302,,,,,,303,,,vendor,vendor,,6,trapper,,3,
311,화로를 지필 땔감,화로의 불길을 활활 달구려면 좋은 장작이 필요합니다. 나무를 베어 10개를 모아 로체에게 전해 주세요.,나무 10개를 모아 로체에게 보고하세요.,Sub,None,,107,,,,Wood:10,,311,,,blacksmith,blacksmith,,4,novice,,1,
312,배틀스미스의 시험: 단단함을 부수는 힘,배틀스미스 전직 시험입니다. 벌판에서 구리 광석 5개를 채광하고 우두머리 슬라임킹을 쓰러뜨려 대형 슬라임 젤리를 가져오세요. 보고하면 이 직업으로 확정되며 다른 직업 시험은 포기해야 합니다.,구리 광석 5개를 채광하고 슬라임킹의 대형 젤리를 챙겨 로체에게 보고하세요.,Sub,None,,311,,,,Large Slime Jelly:1,Copper Ore:5|Smith Big Hammer:1,312,,,blacksmith,blacksmith,,6,novice,battle_smith,5,
313,배틀스미스의 실전: 갑주 파쇄,배틀스미스의 첫 전투 기술을 배우고 실전에서 익혀 보세요. 완수하면 다음 스킬을 배울 수 있습니다.,스킬창(K)에서 갑주 파쇄타를 배우고 슬라임 5마리를 처치한 뒤 로체에게 보고하세요.,Sub,None,,312,,,,,,313,,,blacksmith,blacksmith,,6,battle_smith,,3,
321,비전 촉매가 될 표본,마나와 반응하는 연금 촉매를 확보해야 합니다. 슬라임 젤리 3개를 모아 엘렌에게 가져가세요.,슬라임 젤리 3개를 모아 엘렌에게 보고하세요.,Sub,None,,107,,,,Slime Jelly:3,,321,,,researcher,researcher,,4,novice,,1,
322,알케미스트의 시험: 농축된 마나의 핵,알케미스트 전직 시험입니다. 벌판의 슬라임 5마리를 처치하고 우두머리 슬라임킹을 쓰러뜨려 농축된 대형 슬라임 젤리를 가져오세요. 보고하면 이 직업으로 확정되며 다른 직업 시험은 포기해야 합니다.,슬라임 5마리를 처치하고 슬라임킹의 대형 젤리를 챙겨 엘렌에게 보고하세요.,Sub,None,,321,,,,Large Slime Jelly:1,Slime Jelly:3|Azure Ember Wand:1,322,,,researcher,researcher,,6,novice,alchemist,5,
323,알케미스트의 실전: 산성 포션,알케미스트의 첫 전투 기술을 배우고 실전에서 익혀 보세요. 완수하면 다음 스킬을 배울 수 있습니다.,스킬창(K)에서 산성 포션을 배우고 슬라임 5마리를 처치한 뒤 엘렌에게 보고하세요.,Sub,None,,322,,,,,,323,,,researcher,researcher,,6,alchemist,,3,
331,가축들을 위한 푹신한 보금자리,가축들이 편히 쉴 따뜻하고 푹신한 잠자리가 필요합니다. 부드러운 풀 10개를 뜯어 토리에게 전해 주세요.,풀 10개를 모아 토리에게 보고하세요.,Sub,None,,107,,,,Grass:10,,331,,,barnkeeper,barnkeeper,,4,novice,,1,
332,와일드키퍼의 시험: 사나워진 벌판의 안식,와일드키퍼 전직 시험입니다. 사나워진 벌판의 멧돼지 3마리를 진정시키고 생태계를 위협하는 슬라임킹을 쓰러뜨려 대형 슬라임 젤리를 가져오세요. 보고하면 이 직업으로 확정되며 다른 직업 시험은 포기해야 합니다.,멧돼지 3마리를 처치하고 슬라임킹의 대형 젤리를 챙겨 토리에게 보고하세요.,Sub,None,,331,,,,Large Slime Jelly:1,Chicken Ticket:1|Carrot Seed:5|Nature Vine:1,332,,,barnkeeper,barnkeeper,,6,novice,wild_keeper,5,
333,와일드키퍼의 실전: 야생의 호루라기,와일드키퍼의 첫 전투 기술을 배우고 실전에서 익혀 보세요. 완수하면 다음 스킬을 배울 수 있습니다.,스킬창(K)에서 야생의 호루라기를 배우고 슬라임 5마리를 처치한 뒤 토리에게 보고하세요.,Sub,None,,332,,,,,,333,,,barnkeeper,barnkeeper,,6,wild_keeper,,3,
217,이슬을 삼킨 것,벌판 끝에서 검은 이슬을 머금은 슬라임들의 왕이 깨어났다네. 그 왕을 쓰러뜨려 주게.,흙 벌판 3구역 끝 포탈의 대기실에서 슬라임킹을 처치하세요.,Main,,,,216,,O,,Coin:100,26,,,elder,elder,,4,,,,
221,메아리치는 고원으로,슬라임킹이 쓰러진 뒤 고원 쪽에서 낮은 울림이 들려온다. 바위 고원에 다녀오자.,영지 관문에서 바위 고원 1구역으로 이동하세요.,Main,,,,217,,O,,Coin:50,27,,,elder,elder,,,,,,
222,딱딱한 나무 밑동,스텀프 밑동에 그늘이 뿌리처럼 번져 있다. 엘렌이 나이테 표본을 원한다.,스텀프 5마리를 퇴치하고 단단한 장작 3개를 연구원에게 전하세요.,Main,,,,221,,O,Hardwood Log:3,Roasted Meat:3|Coin:40,27,,,researcher,researcher,,,,,,
223,철갑을 두른 위협,철 투구를 쓴 아이언호그가 고원을 휘젓는다. 로체가 그 갑주 쇠를 직접 보고 싶어 한다.,아이언호그 4마리를 퇴치하고 철 조각 3개를 대장장이에게 전하세요.,Main,,,,222,,O,Iron Fragment:3,Iron Bar:2,27,,,blacksmith,blacksmith,,,,,,
224,깊은 곳의 철맥,고원 바위 속에는 철맥이 흐른다. 철 광석을 모아 로체에게 보여 주자.,철 광석 10개를 모아 대장장이에게 보여 주세요. (광석은 그대로 돌려받습니다),Main,,,,223,,O,,Coin:60,27,,,blacksmith,blacksmith,,,,,,
225,강철의 손맛,연구소에서 철 도구 연구를 마치고 철 곡괭이를 직접 만들어 로체에게 보여 주자.,철 곡괭이를 제작해 대장장이에게 보여 주세요.,Main,,,,224,,O,,Coin:80,27,,,blacksmith,blacksmith,,,,,,
226,바위 틈의 포자,고원에서 날아온 포자에 가축들이 괴로워한다. 토리가 뿔버섯을 진정시켜 달라고 한다.,뿔버섯 5마리를 퇴치하고 헛간지기에게 보고하세요.,Main,,,,225,,O,,Egg Omelette:3,27,,,barnkeeper,barnkeeper,,,,,,
227,울림돌의 파수꾼,고원의 울림돌 광장을 거대한 돌거인이 지키고 있어요. 그 파수꾼을 잠재워야 모래 언덕 길이 열려요.,바위 고원 3구역 끝 포탈의 대기실에서 스톤골렘을 처치하세요.,Main,,,,226,,O,,Coin:150,27,,,researcher,elder,,8,,,,
231,침묵의 모래 언덕,첫 개척단이 물길을 찾아 헤매던 모래 언덕. 모래 아래 무언가 잠들어 있다고 한다.,영지 관문에서 모래 언덕 1구역으로 이동하세요.,Main,,,,227,,O,,Coin:60,28,,,elder,elder,,,,,,
232,모래 속의 그림자,모래두지들이 깊은 모래를 퍼 올린다. 엘렌이 그 모래를 체로 걸러 보려 한다.,모래두지 5마리를 퇴치하고 고운 모래 5개를 연구원에게 전하세요.,Main,,,,231,,O,Soft Sand:5,Roasted Meat:3|Coin:50,28,,,researcher,researcher,,,,,,
233,메마른 땅의 가시,곧고 단단한 카투스 가시는 낚싯바늘로 그만이다. 낚시꾼이 가시를 부탁한다.,선인장 가시 6개를 모아 낚시꾼에게 전하세요.,Main,,,,232,,O,Cactus Thorn:6,Tuna:2|Coin:40,28,,,fisher,fisher,,,,,,
234,독침의 위협,개척단 수레 흔적 근처를 전갈들이 지키고 있다. 로체가 퇴치를 부탁한다.,스콜피온 4마리를 퇴치하고 대장장이에게 보고하세요.,Main,,,,233,,O,,Iron Bar:3,28,,,blacksmith,blacksmith,,,,,,
235,마른 우물가의 단서,우물가에 묻힌 첫 개척단의 기록을 모래두지들이 물고 다닌다고 한다.,모래두지를 퇴치해 개척단의 빛바랜 기록을 찾아 촌장에게 전하세요.,Main,,,,234,,O,Pioneer Record:1,Coin:120,28,,,elder,elder,,,,,,
236,마른 우물의 지킴이,모래에 묻힌 옛 개척단의 우물을 잠식된 정령이 지키고 있다네. 그를 쉬게 해 주게.,모래 언덕 3구역 끝 포탈의 대기실에서 데우를 처치하세요.,Main,,,,235,,O,,Coin:200,28,,,elder,elder,,12,,,,
241,눈밭의 발자국,설원 쪽 하늘이 밤마다 먹빛으로 흐려진다. 먹그늘이 숨어든 곳을 확인하자.,영지 관문에서 만년 설원 1구역으로 이동하세요.,Main,,,,236,,O,,Coin:80,29,,,elder,elder,,,,,,
242,겁먹은 페페 떼,겁에 질린 페페들이 떼로 몰려다닌다. 토리가 무리를 진정시켜 달라고 한다.,페페 6마리를 진정시키고 헛간지기에게 보고하세요.,Main,,,,241,,O,,Feast Dish:1,29,,,barnkeeper,barnkeeper,,,,,,
243,얼음 속의 푸른 빛,눈의 결정이 불씨의 빛을 머금고 있다. 엘렌은 등불을 되살릴 실마리로 본다.,눈의 결정 4개를 모아 연구원에게 전하세요.,Main,,,,242,,O,Snow Crystal:4,Purified Jelly:2,29,,,researcher,researcher,,,,,,
244,설원 길목의 사냥꾼,화이트팽 떼가 설원 길목을 막아 마을 장터에 털실이 끊겼다.,화이트팽 5마리를 퇴치하고 노점상에게 보고하세요.,Main,,,,243,,O,,Coin:150,29,,,vendor,vendor,,,,,,
245,등불의 심지,로체가 정원사의 등불 틀을 짜려 한다. 심지는 고원에서 얻은 울림돌로 만든다.,철 주괴 3개를 모아 대장장이에게 전하세요.,Main,,,,244,,O,Iron Bar:3,Coin:100,29,,,blacksmith,blacksmith,,,,,,
246,설원의 거인,만년설 너머 먹그늘의 핵을 품은 눈의 거인이 버티고 있네. 그 거인을 쓰러뜨려 주게.,만년 설원 3구역 끝 포탈의 대기실에서 스노우맨을 처치하세요.,Main,,,,245,,O,,Coin:300|Garden Lantern:1,29,,,elder,elder,,16,,,,
247,다시 켜진 등불,푸른 불씨를 되찾은 정원의 등불을 영지에 밝혀 두자. 그늘이 다시 스며들지 못하도록.,영지에 정원의 등불을 설치하고 촌장에게 보고하세요.,Main,,,,246,,O,,Feast Dish:3|Coin:300,29,,,elder,elder,,,,,,
341,촌장의 잊혀진 과거,슬라임킹의 대형 젤리를 본 촌장이 놀란 눈으로 당신의 빈손을 바라봅니다.,대형 슬라임 젤리를 지닌 채 촌장에게 다시 말을 거세요.,Sub,None,,107,,,O,,,341,,,elder,elder,,4,novice,,1,Large Slime Jelly:1
342,맨주먹 파이터의 시험: 맨주먹의 증명,무기를 내려놓고 두 주먹으로 세상과 맞서는 전설의 맨주먹 파이터 전직 시험입니다. 대형 슬라임 젤리를 촌장에게 바치면 이 직업으로 확정되며 다른 직업 시험은 포기해야 합니다.,대형 슬라임 젤리 1개를 촌장에게 전하고 맨주먹 파이터로 전직하세요.,Sub,None,,341,,,O,Large Slime Jelly:1,Leather Gloves:1,342,,,elder,elder,,6,novice,barefist_fighter,5,
343,맨주먹 파이터의 실전: 기합과 투혼,맨주먹 파이터의 첫 자가 강화 기술을 익히고 실전에서 시험해 보세요. 완수하면 투기 방출을 배울 수 있습니다.,스킬창(K)에서 기합을 배우고 슬라임 5마리를 처치한 뒤 촌장에게 보고하세요.,Sub,None,,342,,O,O,,Coin:100,343,,,elder,elder,,6,barefist_fighter,,3,
304,트래퍼의 길: 두 번째 칼날,마리가 옛 사냥칼을 다시 벼려 주겠다고 합니다. 바위 고원의 아이언호그를 사냥하고 철 조각을 모아 가져가세요.,아이언호그 5마리를 사냥하고 철 조각 5개를 마리에게 전하세요.,Sub,None,,303,,,,Iron Fragment:5,Veteran Hunter Knife:1,304,,,vendor,vendor,,8,trapper,,3,
305,트래퍼의 길: 모래 언덕의 사냥감,모래 언덕의 전갈과 그 주인 데우를 사냥하고 돌아오면 마리가 도끼를 비처럼 쏟아붓는 기술을 알려 준답니다.,전갈 6마리와 데우를 처치하고 마리에게 보고하세요.,Sub,None,,304,,,,,,305,,,vendor,vendor,,12,trapper,,3,
306,트래퍼의 길: 붉은 발톱의 전설,설원의 화이트팽 꼬리와 스노우맨 사냥. 마리가 말하는 전설의 붉은 단검을 손에 넣을 마지막 시험입니다.,화이트팽 6마리를 사냥하고 꼬리 5개를 모아 스노우맨을 쓰러뜨린 뒤 마리에게 보고하세요.,Sub,None,,305,,,,White Fang Tail:5,Red Claw Dagger:1,306,,,vendor,vendor,,16,trapper,,5,
314,배틀스미스의 길: 강철을 두드릴 시간,로체가 네 망치를 강철로 다시 벼려 주겠답니다. 철 조각을 모으고 고원의 파수꾼 스톤골렘을 쓰러뜨리세요.,철 조각 8개를 모으고 스톤골렘을 처치한 뒤 로체에게 보고하세요.,Sub,None,,313,,,,Iron Fragment:8,Steelball Hammer:1,314,,,blacksmith,blacksmith,,8,battle_smith,,3,
315,배틀스미스의 길: 모래 속의 단단함,사막 절지류의 키틴질 껍질로 모루를 보강하면 로체가 하늘에서 망치를 떨어뜨리는 비기를 보여 준답니다.,키틴질 껍질 6개를 모으고 데우를 처치한 뒤 로체에게 보고하세요.,Sub,None,,314,,,,Chitin Shell:6,,315,,,blacksmith,blacksmith,,12,battle_smith,,3,
316,배틀스미스의 길: 황금 모루,눈의 결정과 예티의 뿔로 담금질해야 완성되는 황금 모루망치. 스노우맨을 넘어서야 로체가 망치를 내어 줍니다.,눈의 결정 5개와 예티의 뿔 3개를 모으고 스노우맨을 처치한 뒤 로체에게 보고하세요.,Sub,None,,315,,,,Snow Crystal:5|Yeti Horn:3,Golden Anvil Hammer:1,316,,,blacksmith,blacksmith,,16,battle_smith,,5,
324,알케미스트의 길: 결정화 실험,엘렌이 불씨를 수정에 가두는 실험을 하려 합니다. 뿔버섯의 포자 반응을 관찰하고 슬라임 젤리를 가져가세요.,뿔버섯 6마리를 처치하고 슬라임 젤리 5개를 엘렌에게 전하세요.,Sub,None,,323,,,,Slime Jelly:5,Crystal Ember Wand:1,324,,,researcher,researcher,,8,alchemist,,3,
325,알케미스트의 길: 사막의 촉매,몇 해에 한 번 피는 카투스의 꽃이 불씨를 결정으로 굳히는 촉매가 된다고 합니다. 데우까지 넘어서면 새 연금술을 배울 수 있습니다.,카투스의 꽃 3개를 모으고 데우를 처치한 뒤 엘렌에게 보고하세요.,Sub,None,,324,,,,Cactus Flower:3,,325,,,researcher,researcher,,12,alchemist,,3,
326,알케미스트의 길: 창공의 불꽃,눈의 결정으로 식혀 가며 불꽃을 완성하는 마지막 연구. 스노우맨이 품은 그늘의 핵이 실험의 열쇠입니다.,눈의 결정 6개를 모으고 스노우맨을 처치한 뒤 엘렌에게 보고하세요.,Sub,None,,325,,,,Snow Crystal:6,Skyflame Wand:1,326,,,researcher,researcher,,16,alchemist,,5,
334,와일드키퍼의 길: 고목의 가지,고원의 떠도는 그루터기들을 달래고 나무를 모아 오면 토리가 늙은 나무의 가지로 스태프를 깎아 준답니다.,스텀프 6마리를 진정시키고 나무 20개를 토리에게 전하세요.,Sub,None,,333,,,,Wood:20,Old Tree Staff:1,334,,,barnkeeper,barnkeeper,,8,wild_keeper,,3,
335,와일드키퍼의 길: 메마른 땅의 생명,사막의 카투스들도 원래는 순한 생명이었습니다. 그들을 달래고 우물의 지킴이 데우를 쉬게 하면 덩굴로 붙잡는 법을 배웁니다.,카투스 6마리를 진정시키고 데우를 처치한 뒤 토리에게 보고하세요.,Sub,None,,334,,,,,,335,,,barnkeeper,barnkeeper,,12,wild_keeper,,3,
336,와일드키퍼의 길: 만년설의 에메랄드,만년설 아래에서도 시들지 않는 에메랄드. 예티를 달래고 스노우맨을 쉬게 하면 토리가 그 보석을 품은 스태프를 건넵니다.,예티 3마리를 진정시키고 눈의 결정 4개를 모아 스노우맨을 처치한 뒤 토리에게 보고하세요.,Sub,None,,335,,,,Snow Crystal:4,Emerald Snow Staff:1,336,,,barnkeeper,barnkeeper,,16,wild_keeper,,5,
344,맨주먹의 길: 강철 주먹을 감아라,촌장 루카스가 자신이 매일 밤 감고 풀던 아대를 물려주겠답니다. 단단한 아이언호그와 스톤골렘을 맨주먹으로 넘어서세요.,아이언호그 6마리와 스톤골렘을 처치한 뒤 촌장에게 보고하세요.,Sub,None,,343,,,,,Steel Fist Wraps:1,344,,,elder,elder,,8,barefist_fighter,,3,
345,맨주먹의 길: 붉은 너클의 비기,모래 언덕의 모래두지들을 쓰러뜨리고 데우를 넘어서면 루카스가 전성기의 비기를 전수합니다.,모래두지 8마리와 데우를 처치한 뒤 촌장에게 보고하세요.,Sub,None,,344,,,,,,345,,,elder,elder,,12,barefist_fighter,,3,
346,맨주먹의 길: 루카스의 유품,40년 동안 벽에 걸려 있던 붉은 너클. 설원의 예티와 스노우맨을 넘어서야 루카스가 그것을 내려 줍니다.,예티 5마리와 스노우맨을 처치한 뒤 촌장에게 보고하세요.,Sub,None,,345,,,,,Red Knuckle:1,346,,,elder,elder,,16,barefist_fighter,,5,
