Id,Description,CondEnum,CondArg,CondExtra,Value,CountMode,Disable
101,풀 채집,Gather,Grass,,3,Action,
102,주먹도끼 제작,Craft,Hand Axe,,1,State,
103,나무 채집,Gather,Wood,,5,Action,
104,곡괭이 제작,Craft,Stone Pickaxe,,1,State,
105,돌 채광,Gather,Stone,,3,Action,
106,나무 상자 설치,Place,Wooden Chest,,1,State,
107,포탈 이동,Warp,,,1,Action,
201,풀 채집(조사),Gather,Grass,,5,Have,
108,주먹도끼 던지기를 배우시오,LearnSkill,hand_axe_throw,,1,State,
202,낚싯대 제작,Craft,Fishing Rod,,1,State,
203,땔감 나무,Gather,Wood,,10,Have,
204,받침석 돌,Gather,Stone,,10,Have,
205,흙 벌판 이동,Warp,hunt01,,1,Action,
211,슬라임 퇴치,Kill,slime,,5,Action,
212,슬라임 젤리 표본,Gather,Slime Jelly,,3,Have,
213,구리 광석,Gather,Copper Ore,,10,Have,
214,구리 주괴 제련,Smelt,Copper Bar,,2,Action,
215,구리 곡괭이 제작,Craft,Copper Pickaxe,,1,State,
216,멧돼지 퇴치,Kill,boar,,3,Action,
301,풀 10개 채집,Gather,Grass,,10,Have,
302,멧돼지 3마리 처치,Kill,boar,,3,Action,
302,슬라임킹 대형 젤리 확보,Gather,Large Slime Jelly,,1,Have,
303,사냥꾼의 덫 배우기,LearnSkill,hunter_trap,,1,State,
303,슬라임 5마리 처치,Kill,slime,,5,Action,
311,나무 10개 채집,Gather,Wood,,10,Have,
312,구리 광석 5개 채광,Gather,Copper Ore,,5,Action,
312,슬라임킹 대형 젤리 확보,Gather,Large Slime Jelly,,1,Have,
313,갑주 파쇄타 배우기,LearnSkill,armor_break,,1,State,
313,슬라임 5마리 처치,Kill,slime,,5,Action,
321,슬라임 젤리 3개 수집,Gather,Slime Jelly,,3,Have,
322,슬라임 5마리 처치,Kill,slime,,5,Action,
322,슬라임킹 대형 젤리 확보,Gather,Large Slime Jelly,,1,Have,
323,산성 포션 배우기,LearnSkill,acid_potion,,1,State,
323,슬라임 5마리 처치,Kill,slime,,5,Action,
331,부드러운 풀 10개 채집,Gather,Grass,,10,Have,
332,사나워진 멧돼지 3마리 처치,Kill,boar,,3,Action,
332,슬라임킹 대형 젤리 확보,Gather,Large Slime Jelly,,1,Have,
333,야생의 호루라기 배우기,LearnSkill,wild_whistle,,1,State,
333,슬라임 5마리 처치,Kill,slime,,5,Action,
217,슬라임킹 처치,Kill,slime_king,,1,Action,
221,바위 고원 이동,Warp,rocky01,,1,Action,
222,스텀프 퇴치,Kill,stump,,5,Action,
222,단단한 장작 지참,Gather,Hardwood Log,,3,Have,
223,아이언호그 퇴치,Kill,iron_hog,,4,Action,
223,철 조각 지참,Gather,Iron Fragment,,3,Have,
224,철 광석 지참,Gather,Iron Ore,,10,Have,
225,철 곡괭이 제작,Craft,Iron Pickaxe,,1,State,
226,뿔버섯 퇴치,Kill,horn_mushroom,,5,Action,
227,스톤골렘 처치,Kill,stone_golem,,1,Action,
231,모래 언덕 이동,Warp,desert01,,1,Action,
232,모래두지 퇴치,Kill,moredji,,5,Action,
232,고운 모래 지참,Gather,Soft Sand,,5,Have,
233,선인장 가시 지참,Gather,Cactus Thorn,,6,Have,
234,스콜피온 퇴치,Kill,scorpion,,4,Action,
235,개척단 기록 지참,Gather,Pioneer Record,,1,Have,
236,데우 처치,Kill,deu,,1,Action,
241,만년 설원 이동,Warp,snow01,,1,Action,
242,페페 진정,Kill,pepe,,6,Action,
243,눈의 결정 지참,Gather,Snow Crystal,,4,Have,
244,화이트팽 퇴치,Kill,white_fang,,5,Action,
245,철 주괴 지참,Gather,Iron Bar,,3,Have,
246,스노우맨 처치,Kill,snowman,,1,Action,
247,정원의 등불 설치,Place,Garden Lantern,,1,State,
341,대형 슬라임 젤리 지참,Gather,Large Slime Jelly,,1,Have,
342,대형 슬라임 젤리 지참,Gather,Large Slime Jelly,,1,Have,
343,기합 배우기,LearnSkill,fist_shout,,1,State,
343,슬라임 5마리 처치,Kill,slime,,5,Action,
304,아이언호그 5마리 사냥,Kill,iron_hog,,5,Action,
304,철 조각 지참,Gather,Iron Fragment,,5,Have,
305,데우 처치,Kill,deu,,1,Action,
306,스노우맨 처치,Kill,snowman,,1,Action,
314,아이언호그 5마리 처치,Kill,iron_hog,,5,Action,
314,철 조각 지참,Gather,Iron Fragment,,8,Have,
315,데우 처치,Kill,deu,,1,Action,
316,스노우맨 처치,Kill,snowman,,1,Action,
324,뿔버섯 6마리 처치,Kill,horn_mushroom,,6,Action,
324,슬라임 젤리 지참,Gather,Slime Jelly,,5,Have,
325,데우 처치,Kill,deu,,1,Action,
326,스노우맨 처치,Kill,snowman,,1,Action,
334,스텀프 6마리 진정,Kill,stump,,6,Action,
334,나무 지참,Gather,Wood,,20,Have,
335,데우 진정,Kill,deu,,1,Action,
336,스노우맨 진정,Kill,snowman,,1,Action,
344,아이언호그 6마리 처치,Kill,iron_hog,,6,Action,
345,데우 처치,Kill,deu,,1,Action,
346,스노우맨 처치,Kill,snowman,,1,Action,
307,스톤골렘 처치,Kill,stone_golem,,1,Action,
308,전갈 8마리 사냥,Kill,scorpion,,8,Action,
309,화이트팽 8마리 사냥,Kill,white_fang,,8,Action,
309,화이트팽의 꼬리 지참,Gather,White Fang Tail,,5,Have,
317,스톤골렘 처치,Kill,stone_golem,,1,Action,
318,스콜피온 8마리 처치,Kill,scorpion,,8,Action,
318,키틴질 껍질 지참,Gather,Chitin Shell,,6,Have,
319,예티 5마리 처치,Kill,yeti,,5,Action,
319,눈의 결정 지참,Gather,Snow Crystal,,5,Have,
319,예티의 뿔 지참,Gather,Yeti Horn,,3,Have,
327,스톤골렘 처치,Kill,stone_golem,,1,Action,
328,카투스 8마리 처치,Kill,catus,,8,Action,
328,카투스의 꽃 지참,Gather,Cactus Flower,,3,Have,
329,주니어 예티 8마리 처치,Kill,jr_yeti,,8,Action,
329,눈의 결정 지참,Gather,Snow Crystal,,6,Have,
337,스톤골렘 진정,Kill,stone_golem,,1,Action,
338,카투스 8마리 진정,Kill,catus,,8,Action,
339,예티 5마리 진정,Kill,yeti,,5,Action,
339,눈의 결정 지참,Gather,Snow Crystal,,4,Have,
347,스톤골렘 처치,Kill,stone_golem,,1,Action,
348,모래두지 8마리 처치,Kill,moredji,,8,Action,
349,예티 6마리 처치,Kill,yeti,,6,Action,
