QuestId,NpcId,Phase,Seq,Text,Speaker
201,elder,offer,1,자네… 오늘 밤 들판 쪽에서 신비로운 기운이 어른거리더군.,npc
201,elder,offer,2,위험한 기운은 아닐세. 오히려… 누군가 부르듯 온화했지.,npc
201,elder,offer,3,우선 들판에서 풀을 좀 모아 와 주겠나? 기운을 살펴볼 재료가 필요하네.,npc
201,elder,offer,4,부탁함세. 천천히 다녀오게나.,npc
201,elder,progress,1,풀은 아직인가? 서두르진 말게. 그 기운은 밤에만 나타나더군.,npc
201,elder,complete,1,고맙네. 이 싱그러운 풀향이… 묘하게 들판 쪽에서 풍겨오던 기운과 닮았어.,npc
201,elder,complete,2,당분간 지켜보세. 수수께끼는 천천히 풀리는 법이라네.,npc
202,fisher,offer,1,마음이 복잡할 땐 낚싯대부터 쥐어보는 법이지.,npc
202,fisher,offer,2,나무 몇 개만 있으면 뚝딱 만들 수 있어. 천천히 하나 깎아 보게나.,npc
202,fisher,offer,3,찌를 던지고 물을 바라보면 머릿속도 맑아질 걸세.,npc
202,fisher,offer,4,한번 만들어 보겠나?,npc
202,fisher,progress,1,낚싯대는 아직인가? 뭐 기다리는 것도 낚시의 맛이지.,npc
202,fisher,complete,1,그래 바로 그거야! 손에 딱 감기는구먼.,npc
202,fisher,complete,2,요즘 물밑 기척이 심상치 않던데… 준비되면 연못에 찌를 던져 보게.,npc
203,blacksmith,offer,1,이봐! 화로에 불을 지펴야 하는데 장작이 바닥났지 뭐야.,npc
203,blacksmith,offer,2,나무 열 개만 구해다 주겠어? 튼튼한 땔감이 필요하거든.,npc
203,blacksmith,offer,3,어젯밤 연구소 창가의 푸른 불씨… 대장간 화로완 전혀 다른 신기한 불이더군.,npc
203,blacksmith,offer,4,장작 좀 부탁해도 될까?,npc
203,blacksmith,progress,1,장작은 아직이야? 화로 불이 꺼지기 전에 가져다줘!,npc
203,blacksmith,complete,1,오! 바짝 마른 좋은 장작이군. 이 정도면 밤새 활활 타겠어.,npc
203,blacksmith,complete,2,그 연구소 불씨 말인데… 묘하게 따뜻한 게 나쁜 기운은 아니더라고.,npc
204,researcher,offer,1,창가에 깃든 푸른 불씨를 가까이서 조사해 보고 싶어.,npc
204,researcher,offer,2,열기를 견딜 단단한 받침돌이 필요해. 돌 열 개만 모아줄 수 있을까?,npc
204,researcher,offer,3,위험하다기보단 뭔가를 전하려는 온기 같은 게 느껴져.,npc
204,researcher,offer,4,연구를 도와줄 수 있어?,npc
204,researcher,progress,1,돌은 아직 안 모였나 보네. 무리하지 말고 천천히 구해줘.,npc
204,researcher,complete,1,고마워! 돌 위에 얹으니 고대 유적의 반응처럼 빛이 안정됐어.,npc
204,researcher,complete,2,이 불씨의 정체를 꼭 밝혀내고 싶어. 앞으로도 함께 조사해 줘.,npc
205,elder,offer,1,노점상 마리와 헛간지기 토리가 흉흉한 소문을 전해오더군.,npc
205,elder,offer,2,마을 밖 벌판의 동물들이 평소와 달리 사납게 울부짖는다는구먼.,npc
205,elder,offer,3,자네가 사냥터 벌판에 한번 나가서 바깥 기척을 살펴봐 주겠나?,npc
205,elder,offer,4,부탁함세. 몸조심하게나.,npc
205,elder,progress,1,벌판은 다녀왔는가? 위험하면 무리하지 말고 돌아오게.,npc
205,elder,complete,1,무사히 다녀왔군. 들은 대로 검은 기운… 잠식이 벌판을 어지럽히는 모양일세.,npc
205,elder,complete,2,이대로 둘 순 없겠어. 주민들과 함께 대책을 마련해야겠네.,npc
211,elder,offer,1,벌판의 슬라임들이 검은 기운에 물들어 날뛰고 있다네.,npc
211,elder,offer,2,원래는 온순하던 것들인데… 잠식을 걷어내어 정화해 줘야 하네.,npc
211,elder,offer,3,벌판의 슬라임 다섯 마리를 진정시켜 주겠나? 잠식을 걷어 주는 일일세.,npc
211,elder,offer,4,자네의 용기를 믿겠네.,npc
211,elder,progress,1,아직 슬라임들이 잠식되어 있는가? 서두르지 말고 안전하게 다녀오게.,npc
211,elder,complete,1,수고 많았네. 덕분에 벌판의 어두운 기운이 조금은 옅어진 것 같구먼.,npc
211,elder,complete,2,슬라임이 쓰러진 자리에 검은 찌꺼기가 남았을 텐데 연구원 엘렌에게 가 보게.,npc
212,researcher,offer,1,잠식된 슬라임을 퇴치하면 특이한 젤리가 남는다는 보고가 있었어.,npc
212,researcher,offer,2,검은 기운을 분석하려면 표본이 필요해. 슬라임 젤리 세 개만 가져와 줄래?,npc
212,researcher,offer,3,이 잠식이라는 게 대체 어디서 비롯된 건지… 꼭 규명하고 싶거든.,npc
212,researcher,offer,4,조사해 줄 수 있어?,npc
212,researcher,progress,1,젤리는 아직 안 모였나 보네. 슬라임을 조사해서 젤리를 구해줘.,npc
212,researcher,complete,1,고마워! 이 젤리 속에… 어두운 그늘의 파편이 엉겨 붙어 있어.,npc
212,researcher,complete,2,연구소에서 정밀하게 분석해 볼게. 정화할 방법도 찾을 수 있을 거야.,npc
213,blacksmith,offer,1,이제 진짜 광석을 두드려 볼 때가 왔어!,npc
213,blacksmith,offer,2,흙 벌판 사냥터에 박혀 있는 커다란 바위 알지? 돌 곡괭이로 깨 보면 구리 광석이 섞여 나오거든!,npc
213,blacksmith,offer,3,작은 돌멩이 말고 큰 바위야. 한 번에 안 깨지니 여러 번 두드려서 구리 광석 열 개만 모아 와 봐!,npc
213,blacksmith,offer,4,멋지게 두드려 볼까?,npc
213,blacksmith,progress,1,구리 광석은 흙 벌판의 큰 바위에서 나와! 돌 곡괭이로 여러 번 두드려야 깨진다고.,npc
213,blacksmith,complete,1,크으! 때깔 좋은 구리 광석이군. 제련할 맛 제대로 나겠어.,npc
213,blacksmith,complete,2,광석은 네가 그대로 가져가. 다음은 화로 차례야. 그걸 녹여서 번쩍이는 주괴를 뽑아보자고!,npc
214,blacksmith,offer,1,가져온 광석을 화로에 넣고 쇳물을 끓여봐!,npc
214,blacksmith,offer,2,구리 주괴 두 개면 돼. 이게 바로 대장장이의 첫 결실이지.,npc
214,blacksmith,offer,3,불 앞에서 조급해하면 쇠를 망치는 법이야. 침착하게 지켜보라고!,npc
214,blacksmith,offer,4,불 한번 당겨볼까?,npc
214,blacksmith,progress,1,주괴는 아직 안 나왔어? 화로 불꽃을 유심히 지켜봐!,npc
214,blacksmith,complete,1,오오! 묵직하고 단단하게 잘 굳었군. 제법 손재주가 있는데?,npc
214,blacksmith,complete,2,이제 이 구리 주괴로 새 곡괭이를 만들 수 있어. 연구소에서 제조법을 확인해 봐!,npc
215,blacksmith,offer,1,구리 곡괭이를 직접 쥐어보면 돌 곡괭이 따윈 다시는 못 쓸걸!,npc
215,blacksmith,offer,2,연구소에서 구리 도구 연구를 마치고 작업대에서 직접 곡괭이를 두드려 만들어 봐.,npc
215,blacksmith,offer,3,금속 도구의 짜릿한 손맛을 맛볼 준비 됐지?,npc
215,blacksmith,offer,4,자 최고의 도구를 만들어보자고!,npc
215,blacksmith,progress,1,곡괭이는 아직이야? 연구소에서 연구를 먼저 마쳐야 제작할 수 있어!,npc
215,blacksmith,complete,1,하하하! 끝내주게 날이 섰군. 이 곡괭이라면 어떤 바위도 쩍쩍 갈라질 거야!,npc
215,blacksmith,complete,2,아 참! 촌장님이 벌판 옛 이정표에 대해 할 말이 있다더군. 한번 가 보라고.,npc
216,elder,offer,1,사냥터 벌판 곳곳에 고대 개척단이 남긴 이정표 석상이 남아 있다네.,npc
216,elder,offer,2,그 주변을 사나운 멧돼지들이 가로막고 있다더군. 멧돼지 셋을 물리치고 이정표를 살펴봐 주겠나?,npc
216,elder,offer,3,석상에 새겨진 문양이 연구소의 고대 두루마리와 똑같다는 이야기가 있어.,npc
216,elder,offer,4,자네가 그 진실을 확인해 주게.,npc
216,elder,progress,1,이정표는 확인해 보았는가? 멧돼지가 거칠 터이니 조심하게나.,npc
216,elder,complete,1,역시… 석상의 문양이 두루마리와 일치하는구먼! 전설 속 푸른 불씨 개척단은 실존했던 게야.,npc
216,elder,complete,2,하지만 석상 주변에도 검은 이슬이 맺혀 있었지… 빛과 그늘이 함께 깨어나고 있는 것 같네.,npc
301,vendor,offer,1,어머 벌판을 오가는 모습을 봤는데 발걸음이 참 가볍고 날렵하더군!,npc
301,vendor,offer,2,사냥꾼의 기본은 질긴 풀로 끈과 올가미를 엮는 법이지.,npc
301,vendor,offer,3,질긴 풀 열 포기만 모아 와 볼래? 네 재빠른 손놀림을 한번 보고 싶거든!,npc
301,vendor,offer,4,골라 담아 와 봐!,npc
301,vendor,progress,1,풀은 다 뜯어 왔어? 사냥꾼은 발소리도 숨겨야 하는 법이야~,npc
301,vendor,complete,1,어머나! 결도 고르고 아주 단단하게 골라왔네. 손재주가 보통이 아니야!,npc
301,vendor,complete,2,사냥꾼의 자질이 아주 충분한걸?,npc
302,vendor,offer,1,다른 주민들과도 이야기 나눠봤어?,npc
302,vendor,offer,2,대장장이 로체는 배틀스미스 연구원 엘렌은 알케미스트 헛간지기 토리는 와일드키퍼를 가르쳐 주고 있잖아.,npc
302,vendor,offer,3,어떤 길이 네 모험에 어울릴지 마을을 둘러보며 충분히 고민해 봐~,npc
302,vendor,offer,4,하지만 내 시험을 시작하면 다른 직업 시험은 포기해야 해. 오직 사냥꾼의 길에만 집중해야 하거든!,npc
302,vendor,offer,5,마음을 정했다면 벌판의 날쌘 멧돼지 셋을 사냥하고 깊은 곳에 도사린 거대한 '슬라임킹'을 쓰러뜨려 '대형 슬라임 젤리'를 구해와 봐. 정말로 날렵한 손놀림과 투척의 길 '트래퍼'를 선택할래?,npc
302,vendor,progress,1,멧돼지는 날카로운 엄니를 조심하고 슬라임킹은 거대한 덩치로 찍어누르는 걸 잘 피해야 해. 사냥터에선 도끼 하나 한 걸음의 거리가 목숨을 살리거든!,npc
302,vendor,complete,1,어머나 세상에! 멧돼지의 돌진을 피하고 그 거대한 슬라임킹까지 멋지게 쓰러뜨렸네! 끈기 있고 날렵한 너야말로 오늘부터 진정한 '트래퍼'야!,npc
302,vendor,complete,2,내가 쓰던 사냥 단검과 여분의 도끼들을 줄게. 이제 던져도 던져도 손에 남는 알뜰한 손놀림을 가르쳐 줄게!,npc
303,vendor,offer,1,스킬창(K)을 열어봐! 트래퍼 탭에 네 첫 직업 기술이 열렸을 거야.,npc
303,vendor,offer,2,기술을 배우고 벌판에서 직접 솜씨를 뽐내보고 와 줄래?,npc
303,vendor,progress,1,첫 기술은 익혀 봤어? 몸에 익을 때까지 사냥터에서 연습해 봐!,npc
303,vendor,complete,1,손끝에 감각이 딱 붙었지? 앞으로 사냥터의 맹수들은 네 손바닥 안이야!,npc
311,blacksmith,offer,1,크하하! 네 녀석 곡괭이질 폼을 보니 어깨에 제법 힘이 실려 있더군!,npc
311,blacksmith,offer,2,쇳덩이를 녹이려면 화로를 활활 달굴 좋은 장작이 필요해.,npc
311,blacksmith,offer,3,나무 열 토막만 구해다 줘 봐. 네 힘이 대장간에 어울리는지 보자고!,npc
311,blacksmith,offer,4,힘 한번 써볼 텐가?,npc
311,blacksmith,progress,1,장작은 아직인가? 쇠를 달구려면 펄펄 끓는 불길이 필요하다고!,npc
311,blacksmith,complete,1,오호! 옹이가 꽉 찬 좋은 나무로군. 화로에 던져 넣으면 모루가 춤을 추겠어!,npc
311,blacksmith,complete,2,묵직한 망치질을 감당할 힘이 넘치는군 그래!,npc
312,blacksmith,offer,1,어이 다른 녀석들 이야기도 들어보고 온 건가?,npc
312,blacksmith,offer,2,마리의 잰 손놀림(트래퍼) 엘렌의 푸른 비전 마법(알케미스트) 토리의 자연 수호(와일드키퍼)... 다들 각자의 멋이 있지.,npc
312,blacksmith,offer,3,네 녀석의 진짜 적성이 어디인지 천천히 고민하고 와도 늦지 않다!,npc
312,blacksmith,offer,4,단 이 모루 앞에 서서 시험을 시작하면 다른 직업 시험은 미련 없이 포기해야 해. 망치를 쥐고 한눈을 팔 수는 없으니까!,npc
312,blacksmith,offer,5,단단한 구리 광석 다섯 덩이를 캐고 벌판의 우두머리 '슬라임킹'을 묵직하게 두들겨 깨부숴 '대형 슬라임 젤리'를 가져와 봐. 뼈를 울리는 묵직한 한 방 '배틀스미스'의 길을 걷겠나?,npc
312,blacksmith,progress,1,구리 광석과 슬라임킹 사냥은 아직인가? 망설이지 말고 네 묵직한 힘으로 광석도 거대한 적도 다 박살 내 버려!,npc
312,blacksmith,complete,1,으하하하! 순도 높은 구리 광석에 그 질긴 슬라임킹의 대형 젤리까지! 단단함을 부술 줄 아는 진정한 '배틀스미스'의 탄생이다!,npc
312,blacksmith,complete,2,내가 벼려낸 특제 대형 망치를 주마. 적의 단단한 껍질 따윈 네 일격에 산산조각 날 거다!,npc
313,blacksmith,offer,1,자 스킬창(K)의 배틀스미스 탭을 봐라! 모루에서 벼려낸 파쇄의 기술이 기다린다.,npc
313,blacksmith,offer,2,기술을 배우고 벌판의 녀석들에게 모루 맛을 보여주고 와!,npc
313,blacksmith,progress,1,배틀스미스 기술은 써 봤나? 모루처럼 흔들리지 않는 한 방을 날려봐!,npc
313,blacksmith,complete,1,묵직한 굉음이 여기까지 들리더군! 단단한 적일수록 네 망치 앞에 무릎 꿇을 거다!,npc
321,researcher,offer,1,네 몸 주변에 은은하게 흐르는 마나의 파동… 혹시 느끼고 있어?,npc
321,researcher,offer,2,연구소의 푸른 불씨와 반응하는 특이한 기운이야.,npc
321,researcher,offer,3,슬라임 젤리 세 개만 가져와 줄래? 네 마나가 연금 촉매와 공명하는지 확인해 보고 싶어.,npc
321,researcher,offer,4,분석을 도와줄 수 있어?,npc
321,researcher,progress,1,젤리 표본은 구했어? 신선한 젤리일수록 마나 반응이 또렷해.,npc
321,researcher,complete,1,역시 내 가설이 맞았어! 젤리에 닿자마자 네 마력이 푸른빛으로 진동했어.,npc
321,researcher,complete,2,마나를 다루는 섬세한 재능이 아주 훌륭해.,npc
322,researcher,offer,1,마을 주민들의 이야기는 모두 들어보았어?,npc
322,researcher,offer,2,시장의 마리는 트래퍼 대장간의 로체는 배틀스미스 헛간의 토리는 와일드키퍼의 재능을 눈여겨보고 있더군.,npc
322,researcher,offer,3,자신의 모험 스타일에 어떤 기술이 맞을지 신중하게 비교해 보고 결정해.,npc
322,researcher,offer,4,다만 내 비전 연구를 시작하면 집중을 위해 다른 직업 시험은 모두 포기해야 해. 다른 곳에 마음을 둘 순 없거든.,npc
322,researcher,offer,5,벌판의 슬라임 다섯 마리를 처치해 마나 반응을 관찰하고 농축된 마나 덩어리인 '슬라임킹'에게서 '대형 슬라임 젤리'를 구해와 줄래? 푸른 불씨와 비전 마나의 탐구자 '알케미스트'가 될 준비가 되었어?,npc
322,researcher,progress,1,슬라임 표본과 슬라임킹의 대형 젤리는 구하고 있어? 농축된 마나가 불안정할 수 있으니 안전에 주의하면서 다녀와.,npc
322,researcher,complete,1,놀라워… 슬라임킹의 대형 젤리에 깃든 농축 마나가 푸른 불씨와 완벽하게 공명하고 있어! 오늘부터 넌 비전을 밝히는 '알케미스트'야.,npc
322,researcher,complete,2,연구소의 비전 완드를 네게 줄게. 이제 마나의 흐름을 자유자재로 다루며 강력한 연금 마법을 펼쳐봐!,npc
323,researcher,offer,1,스킬창(K)을 열면 알케미스트의 비전 연구 탭이 활성화되어 있을 거야.,npc
323,researcher,offer,2,연금 마법을 시전해 보고 벌판에서 마나의 반응을 관찰하고 와 줄래?,npc
323,researcher,progress,1,마나 술식은 잘 전개되고 있어? 무리하지 말고 차근차근 시전해 봐.,npc
323,researcher,complete,1,측정 수치가 경이로울 정도야! 마법과 물질의 결합이 완벽하게 들어맞았어.,npc
331,barnkeeper,offer,1,안녕… 가축들이 널 볼 때마다 꼬리를 흔들며 반기더라고.,npc
331,barnkeeper,offer,2,동물들의 마음을 편안하게 해주는 따뜻한 숨결을 지녔나 봐.,npc
331,barnkeeper,offer,3,헛간 아이들의 따뜻한 잠자리를 위해 부드러운 풀 열 포기만 모아줄래? 네 따스한 손길을 느껴보고 싶대.,npc
331,barnkeeper,offer,4,도와줄 수 있을까…?,npc
331,barnkeeper,progress,1,풀은 모으고 있어? 햇볕에 잘 마른 부드러운 잎으로 부탁해…,npc
331,barnkeeper,complete,1,고마워… 동물들이 풀잎에 볼을 비비며 정말 기뻐하고 있어.,npc
331,barnkeeper,complete,2,네 곁에 있으면 동물들도 마음을 놓나 봐.,npc
332,barnkeeper,offer,1,혹시 다른 친구들과도 이야기해 봤어?,npc
332,barnkeeper,offer,2,마리 누나의 날렵한 트래퍼 로체 아저씨의 든든한 배틀스미스 엘렌 누나의 지적인 알케미스트도 정말 멋진 길이야.,npc
332,barnkeeper,offer,3,숲의 소리에 귀 기울이면서 네 마음에 가장 와닿는 길을 천천히 고민해 봐...,npc
332,barnkeeper,offer,4,하지만 이 숲의 시험을 시작하면 다른 직업 시험은 포기해야 해. 자연은 온 마음을 다해 지켜야 하니까...,npc
332,barnkeeper,offer,5,사나워져 날뛰는 벌판의 멧돼지 셋을 진정시켜 주고 숲의 기운을 흐리는 거대한 '슬라임킹'을 물리쳐 '대형 슬라임 젤리'를 거두어 줘. '와일드키퍼'의 길을... 함께 걸어갈래?,npc
332,barnkeeper,progress,1,사나워진 멧돼지들이 다치지 않게 조심하고 거대한 슬라임킹의 탁한 기운에 휘말리지 않게 주의해... 기다리고 있을게.,npc
332,barnkeeper,complete,1,멧돼지들이 평온을 되찾았어... 그리고 슬라임킹의 탁한 젤리도 깨끗하게 정화되었네. 숲의 숨결을 온전히 품어준 넌 이제 진정한 '와일드키퍼'야.,npc
332,barnkeeper,complete,2,영지에서 돌볼 수 있는 아기 닭과 당근 씨앗 그리고 자연의 지팡이를 줄게. 숲과 동물들이 언제나 널 지켜줄 거야.,npc
333,barnkeeper,offer,1,스킬창(K)의 와일드키퍼 탭에서 자연의 부름을 들어봐.,npc
333,barnkeeper,offer,2,야생의 기운과 교감하는 기술을 배우고 숲의 질서를 어지럽히는 것들을 진정시켜 줘.,npc
333,barnkeeper,progress,1,자연의 기술은 어때? 동물들과 교감하면서 천천히 익혀봐.,npc
333,barnkeeper,complete,1,벌판의 바람결이 한층 부드러워졌어. 동물들도 네 곁에서 안도하고 있단다.,npc
217,elder,offer,1,벌판 3구역 끝자락에서 땅이 울린다는 소식이 들어왔네.,npc
217,elder,offer,2,검은 이슬을 잔뜩 머금은 슬라임들의 왕이 깨어났다고 하더군.,npc
217,elder,offer,3,그 녀석을 쓰러뜨리면 벌판 너머 바위 고원으로 가는 길도 열릴 걸세.,npc
217,elder,progress,1,슬라임킹은 3구역 끝의 포탈 너머 대기실에서 기다리고 있다네. 도약을 조심하게.,npc
217,elder,complete,1,해냈구먼! 벌판의 이슬이 한결 맑아졌어.,npc
217,elder,complete,2,이제 바위 고원의 웨이포인트가 열렸을 걸세. 영지 관문에서 확인해 보게.,npc
221,elder,offer,1,슬라임킹이 쓰러진 뒤로 고원 쪽에서 낮은 울림이 들려온다네.,npc
221,elder,offer,2,바위들이 서로를 부르는 듯한 소리라고 하더군.,npc
221,elder,offer,3,영지 관문으로 바위 고원에 다녀와 주겠나?,npc
221,elder,progress,1,바위 고원은 영지 관문의 목록에서 고를 수 있다네.,npc
221,elder,complete,1,다녀왔구먼. 바위가 운다니… 참 묘한 곳일세.,npc
221,elder,complete,2,엘렌이 고원의 나무 밑동을 살펴보고 싶다더군. 연구소에 들러 보게.,npc
222,researcher,offer,1,고원의 스텀프들 밑동에 그늘이 뿌리처럼 번져 있대.,npc
222,researcher,offer,2,스텀프 다섯을 퇴치하고 단단한 장작 세 개를 가져와 줘.,npc
222,researcher,offer,3,나이테를 보면 잠식이 언제 시작됐는지 알 수 있을 것 같아.,npc
222,researcher,progress,1,단단한 장작은 스텀프를 퇴치하면 얻을 수 있어.,npc
222,researcher,complete,1,고마워. 나이테 바깥쪽 몇 줄만 검게 물들어 있어.,npc
222,researcher,complete,2,잠식은 아주 최근에 시작됐다는 뜻이야. 불씨가 깨어난 무렵과 겹쳐.,npc
222,researcher,complete,3,로체가 고원 멧돼지 얘기를 듣고 들떠 있던데 들러 봐.,npc
223,blacksmith,offer,1,고원에 철 투구를 쓴 멧돼지가 날뛴다며? 아이언호그라더군!,npc
223,blacksmith,offer,2,녀석들 넷을 퇴치하고 떨어진 철 조각 세 개를 가져와 봐.,npc
223,blacksmith,offer,3,그 갑주 쇠가 어떤 물건인지 내 눈으로 봐야겠어. 자신 있지?,npc
223,blacksmith,progress,1,철 조각은 아직이야? 아이언호그 돌진은 옆으로 피하라고!,npc
223,blacksmith,complete,1,크으! 이건 그냥 쇠가 아니야. 옛날 방식으로 두드린 쇠라고.,npc
223,blacksmith,complete,2,첫 개척단의 쇳조각을 멧돼지들이 뒤집어쓰고 다닌 모양이군.,npc
224,blacksmith,offer,1,이제 제대로 된 철을 캘 차례야. 고원 바위엔 철맥이 흐르거든.,npc
224,blacksmith,offer,2,철 광석 열 개를 모아서 나한테 보여 줘.,npc
224,blacksmith,offer,3,커다란 바위나 철 광맥을 노리면 금방 모일 거야!,npc
224,blacksmith,progress,1,철 광석 열 개 모였어? 큰 바위를 깨 보라고!,npc
224,blacksmith,complete,1,좋아! 광석 질이 훌륭하군. 그 광석은 네가 그대로 가져가.,npc
224,blacksmith,complete,2,연구소에 맡기면 철 도구 연구를 시작할 수 있을 거야.,npc
225,blacksmith,offer,1,철 도구 연구를 마쳤으면 이제 직접 두드려 볼 차례지!,npc
225,blacksmith,offer,2,철 주괴로 철 곡괭이를 만들어서 나한테 보여 줘.,npc
225,blacksmith,offer,3,광석은 화로에서 주괴로 녹이면 돼. 불 조절은 알지?,npc
225,blacksmith,progress,1,철 곡괭이는 아직이야? 연구소 연구부터 마쳐야 해!,npc
225,blacksmith,complete,1,하하! 날이 제대로 섰군. 그런데 곡괭이에 묻은 울림돌 가루 좀 봐.,npc
225,blacksmith,complete,2,모루에 닿자 푸르게 울렸어. 잘 두드리면 등불 심지로 쓰겠는데?,npc
225,blacksmith,complete,3,아 참. 토리가 가축 일로 너를 찾더라. 헛간에 들러 봐!,npc
226,barnkeeper,offer,1,요즘 고원에서 날아온 포자 때문에 가축들이 자꾸 재채기를 해.,npc
226,barnkeeper,offer,2,바위 틈에 숨은 뿔버섯 다섯만 진정시켜 줄래?,npc
226,barnkeeper,offer,3,원래는 바위 그늘에서 조용히 살던 아이들이야. 너무 놀라게 하진 마.,npc
226,barnkeeper,progress,1,뿔버섯은 멀리서 포자를 쏴. 바위 뒤로 숨으면서 다가가 봐.,npc
226,barnkeeper,complete,1,고마워. 바람이 한결 맑아졌어. 가축들도 금방 괜찮아질 거야.,npc
226,barnkeeper,complete,2,엘렌이 울림돌 쪽이 수상하다고 찾던데… 가 볼래?,npc
227,researcher,offer,1,고원의 울림돌이 불씨와 같은 박자로 울리고 있었어.,npc
227,researcher,offer,2,그런데 광장의 돌거인이 그늘에 잠식돼서 그 울림을 막고 있어.,npc
227,researcher,offer,3,파수꾼을 잠재우고 촌장님께 알려 줘.,npc
227,elder,progress,1,스톤골렘은 고원 3구역 끝의 포탈 너머에 있다고 하더군.,npc
227,elder,complete,1,울림돌이 잠잠해졌구먼. 고원 너머 모래 언덕의 길이 열렸네.,npc
227,elder,complete,2,엘렌 말로는 울림이 멎기 직전에 누군가 속삭이는 소리가 섞였다더군.,npc
227,elder,complete,3,그늘에도 목소리가 있다니… 모래 언덕에서 실마리를 찾아보세.,npc
231,elder,offer,1,모래 언덕은 첫 개척단이 물길을 찾아 헤매던 땅이라네.,npc
231,elder,offer,2,모래 아래 무언가 잠들어 있다는 옛말이 있지.,npc
231,elder,offer,3,영지 관문으로 모래 언덕에 다녀와 주겠나? 햇볕을 조심하게.,npc
231,elder,progress,1,모래 언덕은 영지 관문의 목록에서 고를 수 있다네.,npc
231,elder,complete,1,다녀왔구먼. 발밑이 들썩였다고? 모래두지 녀석들이로군.,npc
231,elder,complete,2,엘렌이 그 모래를 걸러 보고 싶다더군. 연구소에 들러 보게.,npc
232,researcher,offer,1,모래두지들이 굴을 파면서 깊은 모래를 퍼 올리고 있대.,npc
232,researcher,offer,2,다섯을 퇴치하고 고운 모래 다섯 줌을 가져와 줘.,npc
232,researcher,offer,3,체로 걸러 보면 오래된 흔적이 나올지도 몰라.,npc
232,researcher,progress,1,고운 모래는 모래두지를 퇴치하면 얻을 수 있어.,npc
232,researcher,complete,1,찾았어! 모래 속에 녹슨 수레 못이 섞여 있어.,npc
232,researcher,complete,2,첫 개척단의 수레가 이 언덕을 지나간 게 분명해.,npc
232,researcher,complete,3,연못가 낚시꾼 어르신이 모래밭 얘기를 하시던데 들러 봐.,npc
233,fisher,offer,1,모래밭에도 낚을 거리가 있다네. 카투스 가시 말일세.,npc
233,fisher,offer,2,곧고 단단해서 낚싯바늘로 그만이지. 여섯 개만 모아 주게.,npc
233,fisher,offer,3,서두르지 말게. 가시는 멀리서 날아오니 옆으로 비켜서면 돼.,npc
233,fisher,progress,1,가시는 아직인가? 입질 기다리듯 느긋하게 하게.,npc
233,fisher,complete,1,좋은 가시로군. 그런데 이 가시 끝에 물기가 배어 있지 않나?,npc
233,fisher,complete,2,모래에도 물길이 있었던 게지… 어딘가 마른 우물이 있을 걸세.,npc
233,fisher,complete,3,로체가 수레 쇠붙이 얘기로 자넬 찾더군.,npc
234,blacksmith,offer,1,수레 못 얘기 들었어! 개척단 수레라면 쇠붙이가 잔뜩 묻혀 있겠군.,npc
234,blacksmith,offer,2,그런데 그 근처를 전갈들이 지키고 있다며? 넷만 퇴치해 줘.,npc
234,blacksmith,offer,3,꼬리 독침이 따끔하니까 정면에서 오래 버티지 말라고!,npc
234,blacksmith,progress,1,전갈은 아직이야? 집게가 닫히면 그때 파고들어!,npc
234,blacksmith,complete,1,수고했어! 이제 모래를 파헤쳐도 안전하겠군.,npc
234,blacksmith,complete,2,촌장님이 우물가에서 뭔가 찾으신다던데 가 봐.,npc
235,elder,offer,1,모래 언덕 우물가에 첫 개척단의 기록통이 묻혀 있다는 전승이 있네.,npc
235,elder,offer,2,모래두지들이 그 근처를 파헤치다 무언가를 물고 다닌다더군.,npc
235,elder,offer,3,모래두지를 퇴치해서 그 기록을 찾아와 주겠나?,npc
235,elder,progress,1,기록은 모래두지가 물고 다닌다네. 굴 근처를 살펴보게.,npc
235,elder,complete,1,이 필체… 틀림없이 첫 개척단의 기록일세. 한번 읽어 보겠네.,npc
235,elder,complete,2,「그늘은 땅기운을 마시고 자란다. 우리는 그것을 먹그늘이라 불렀다.」,npc
235,elder,complete,3,보물 지도가 아니라 경고였구먼. 먹그늘이 다시 깨어난 게야.,npc
236,elder,offer,1,기록에 따르면 먹그늘은 우물 지킴이부터 잠식했다고 하네.,npc
236,elder,offer,2,마른 우물을 지키던 선인장 정령 데우가 지금 그 그늘에 붙들려 있어.,npc
236,elder,offer,3,그를 쉬게 해 주게. 그래야 설원으로 가는 길이 드러날 걸세.,npc
236,elder,progress,1,데우는 모래 언덕 3구역 끝의 포탈 너머에 있다네.,npc
236,elder,complete,1,우물이 다시 숨을 쉬는구먼… 만년 설원의 웨이포인트가 열렸을 걸세.,npc
236,elder,complete,2,기록 마지막 장에 「먹그늘은 빛을 피해 추위 속으로 숨는다」고 적혀 있네.,npc
241,elder,offer,1,설원 쪽 하늘이 밤마다 먹빛으로 흐려진다네.,npc
241,elder,offer,2,기록대로라면 먹그늘은 그 추위 속에 숨어들었을 게야.,npc
241,elder,offer,3,만년 설원에 다녀와 주겠나? 옷깃을 단단히 여미게.,npc
241,elder,progress,1,만년 설원은 영지 관문의 목록에서 고를 수 있다네.,npc
241,elder,complete,1,무사히 돌아왔구먼. 눈밭에 검은 발자국이 이어져 있었다고?,npc
241,elder,complete,2,토리가 설원 짐승들 걱정에 잠을 못 이룬다더군. 헛간에 들러 주게.,npc
242,barnkeeper,offer,1,설원의 페페들이 떼로 몰려다니는 건 겁에 질려서야.,npc
242,barnkeeper,offer,2,여섯 마리만 진정시켜 줄래? 무리가 흩어지면 조금 차분해질 거야.,npc
242,barnkeeper,offer,3,뒤뚱거려도 부리는 단단하니까 조심해.,npc
242,barnkeeper,progress,1,페페들은 무리 지어 다녀. 한꺼번에 둘러싸이지 않게 조심해.,npc
242,barnkeeper,complete,1,고마워. 무리가 흩어지니 울음소리가 잦아들었어.,npc
242,barnkeeper,complete,2,그런데 페페들이 도망쳐 온 쪽은 설원 가장 깊은 곳이었어.,npc
242,barnkeeper,complete,3,엘렌이 눈의 결정을 찾던데 연구소에도 들러 줘.,npc
243,researcher,offer,1,설원의 눈의 결정이 불씨의 빛을 조금씩 머금고 있어.,npc
243,researcher,offer,2,결정 네 개만 가져와 줘. 불씨를 옮겨 담을 그릇이 될지도 몰라.,npc
243,researcher,offer,3,주니어 예티나 예티를 퇴치하면 얻을 수 있어.,npc
243,researcher,progress,1,눈의 결정은 예티들이 지니고 있어. 조심해서 다녀와.,npc
243,researcher,complete,1,봐. 결정 속에서 불씨가 작은 등불처럼 타고 있어.,npc
243,researcher,complete,2,수장고의 정원사의 등불을 다시 켤 수 있겠어. 틀은 로체에게 맡길게.,npc
243,researcher,complete,3,아 참. 마리가 설원 길목 일로 속을 태우던데 들러 줄래?,npc
244,vendor,offer,1,소문 들었어? 화이트팽 떼가 설원 길목을 막았대!,npc
244,vendor,offer,2,덕분에 설원 털실이 하나도 안 들어와. 겨울옷 장사 다 망하게 생겼어!,npc
244,vendor,offer,3,화이트팽 다섯만 퇴치해 줄래? 보답은 두둑이 챙겨 줄게!,npc
244,vendor,progress,1,화이트팽은 멀리서 확 뛰어들어. 옆으로 피하는 거 잊지 마~,npc
244,vendor,complete,1,최고야! 길목이 뚫렸으니 다음 장날엔 털실이 들어오겠어.,npc
244,vendor,complete,2,아 참. 로체가 뭔가 급하게 찾던데… 대장간에 가 봐!,npc
245,blacksmith,offer,1,엘렌이 등불 틀을 부탁했어! 이 로체가 빠질 수 없지.,npc
245,blacksmith,offer,2,틀을 짤 철 주괴 세 개만 가져와. 심지는 고원의 울림돌로 할 거야.,npc
245,blacksmith,offer,3,내 평생 제일 중요한 물건이 될지도 몰라!,npc
245,blacksmith,progress,1,철 주괴 세 개 모였어? 화로에서 철 광석을 녹이면 돼!,npc
245,blacksmith,complete,1,좋아! 틀도 심지도 준비 끝이야. 이제 불씨만 옮겨 담으면 돼.,npc
245,blacksmith,complete,2,그런데 촌장님 말로는 설원 끝에 먹그늘의 본체가 버티고 있대.,npc
245,blacksmith,complete,3,등불은 그 녀석을 넘어선 다음에 켜자고. 꼭 돌아와!,npc
246,elder,offer,1,마침내 먹그늘의 본체가 숨어든 곳을 찾았네. 만년 설원 끝자락일세.,npc
246,elder,offer,2,눈의 거인 스노우맨이 먹그늘의 핵을 품고 버티고 있어.,npc
246,elder,offer,3,이 싸움이 끝나면 첫 정원의 등불을 다시 켤 수 있을 걸세.,npc
246,elder,progress,1,스노우맨은 설원 3구역 끝의 포탈 너머에 있다네. 몸을 따뜻하게 하게.,npc
246,elder,complete,1,해냈구먼… 먹그늘의 핵이 흩어지고 설원을 덮던 그늘이 걷혔어.,npc
246,elder,complete,2,엘렌과 로체가 방금 등불을 완성했다네. 첫 정원의 꺼진 등불일세.,npc
246,elder,complete,3,이 등불은 자네가 받게. 불씨가 고른 손은 자네 손이니까.,npc
247,elder,offer,1,그 등불은 자네 영지에 두게. 땀 흘려 가꾼 땅에서 빛이 가장 오래가지.,npc
247,elder,offer,2,등불이 켜진 땅에는 그늘이 다시 스며들지 못할 걸세.,npc
247,elder,offer,3,영지에 정원의 등불을 설치하고 돌아오게.,npc
247,elder,progress,1,등불은 영지 안에서만 설치할 수 있다네. 마음에 드는 자리를 고르게.,npc
247,elder,complete,1,영지 쪽 하늘이 푸르게 물들었구먼. 참 보기 좋네.,npc
247,elder,complete,2,세상을 구했던 손이 이번엔 제 보금자리를 지켜 냈군.,npc
247,elder,complete,3,고생 많았네. 이제 푹 쉬게나… 물론 밭일은 내일도 기다리겠지만.,npc
341,elder,offer,1,(촌장이 당신의 주머니에서 새어 나오는 묵직한 푸른빛을 보더니 눈을 휘둥그레 뜬다.) 자 잠깐... 자네 손에 든 건... 슬라임킹의 대형 슬라임 젤리가 아닌가?!,npc
341,elder,offer,2,보통 녀석이 아니었을 텐데 그걸 쓰러뜨리고 통째로 뜯어왔단 말인가? ...그런데 왜 이걸 대장간의 로체나 연구소의 엘렌이 아니라 나한테 가져온 게야?,npc
341,elder,offer,3,...잠깐. (촌장이 당신의 손을 훑어본다. 칼도 도끼도 지팡이도 쥐지 않은 굳은살 박인 빈손이다.) 자네... 설마 무기 없이 그 거대한 녀석과 맞선 건가?,npc
341,elder,offer,4,다들 칼날과 마법만 좇을 때 나는 오직 이 두 주먹만 믿었지. 무기는 언젠가 부러지지만 매일 단련한 뼈와 살은 결코 배신하지 않는 법일세.,npc
341,elder,offer,5,40년 전 '붉은 너클의 루카스'라 불리던 이 늙은이의 비전을 전수해 주지. 세상에 단 하나뿐인 '맨주먹 파이터'의 길을 걷겠는가?,npc
341,elder,accept,1,좋아! 눈빛이 마음에 드는군! 그 질긴 젤리를 쥔 채로 내게 다시 말을 걸게나. 자네의 주먹을 위한 첫 단련을 시작하지!,npc
341,elder,decline,1,음... 아직 망설여지는 모양이군. 괜찮네. 주먹 하나로 거친 세상을 헤쳐 나가는 건 쉬운 길이 아니니까.,npc
341,elder,progress,1,그 젤리는 어디 두고 왔나? 대형 슬라임 젤리를 지닌 채 다시 오게나.,npc
341,elder,complete,1,허허... 이 탄력 이 무게. 틀림없이 맨손으로 뜯어낸 게로군. 잊고 살았던 불꽃이 다시 튀는구먼!,npc
341,elder,complete,2,이제 마지막으로 자네의 각오를 확인하겠네. 준비가 되면 다시 말을 걸게.,npc
342,elder,offer,1,맨주먹의 길을 택하면 다른 스승들의 시험은 모두 포기해야 하네. 두 주먹 외에는 아무것도 기댈 수 없는 길이지.,npc
342,elder,offer,2,그 대형 슬라임 젤리를 내게 넘기고 맨주먹 파이터로 전직하겠는가?,npc
342,elder,progress,1,젤리가 없으면 증명도 없네. 대형 슬라임 젤리를 지니고 오게나.,npc
342,elder,complete,1,크하하! 젤리의 탄성을 맨손으로 찢어내던 그 악력과 패기 확실히 증명되었네! 오늘부터 자네는 메이플 월드의 유일무이한 '맨주먹 파이터'일세!,npc
342,elder,complete,2,자 이건 내가 젊은 시절 슬라임킹과 바위 골렘을 두들겨 팰 때 끼던 가죽 장갑일세. 장갑은 손을 지키는 방어구이자 주먹의 파괴력을 적의 뼈마디까지 전하는 흉기지!,npc
342,elder,complete,3,명심하게! 힘(STR)만 세다고 완성되지 않네. 날렵한 솜씨(DEX)와 강철 같은 체력(VIT)이 고르게 어우러질 때 진정한 파괴력이 폭발하지. 스킬창(K)을 열어 보게!,npc
343,elder,progress,1,기합은 익혔는가? 배에 힘을 주고 내지르며 벌판의 슬라임 다섯을 주먹으로 눌러 주고 오게.,npc
343,elder,complete,1,그 기합 소리 여기까지 들리더군! 이제 투기를 주먹에 두르는 법을 알려 주지. 기합과 함께 투기가 터져 나올 걸세.,npc
304,vendor,offer,1,덫 솜씨가 제법 늘었는걸? 이제 칼 한 자루쯤은 제대로 된 걸 쥘 때가 됐어.,npc
304,vendor,offer,2,내가 젊을 때 쓰던 사냥칼이 있는데 날이 다 죽었거든. 바위 고원 아이언호그의 철 조각이면 다시 벼릴 수 있어!,npc
304,vendor,offer,3,아이언호그 다섯 마리 잡고 철 조각 다섯 개만 가져와 줄래? 수고비는 두둑이 챙겨 줄게~,npc
304,vendor,progress,1,아이언호그는 등껍질이 단단하니까 덫으로 묶어 두고 옆구리를 노려~,npc
304,vendor,complete,1,좋아좋아! 이 정도 철이면 충분해. 칼날에 덧대는 건 내가 할 테니 이건 수고비야~,npc
304,vendor,complete,2,그런데 철을 덧댄 칼은 제대로 담금질을 한 번 해야 하거든. 준비되면 다시 말 걸어 줘!,npc
305,vendor,offer,1,전갈들은 다 정리됐으니 이제 그 주인 차례야. 우물의 지킴이 데우 말이야.,npc
305,vendor,offer,2,데우까지 해치우고 오면 도끼를 비처럼 쏟아붓는 법을 알려 줄게. 덫이랑 같이 쓰면 하나도 못 빠져나가!,npc
305,vendor,progress,1,데우는 모래 속을 파고들어. 발밑을 잘 보고 덫을 깔아 둬~,npc
305,vendor,complete,1,역시! 이제 알려 줄게. 덫에 걸린 녀석들 위로 도끼를 쏟아부어 봐. 하나도 못 빠져나갈걸? 스킬창(K)을 열어 봐!,npc
305,vendor,complete,2,그리고 이건 데우를 묶어 두던 사슬 조각이야. 대장간 모루에서 무기에 새기면 묶인 적을 더 세게 칠 수 있어!,npc
306,vendor,offer,1,옛날 사냥꾼들 사이에 붉은 발톱 단검 이야기가 있어. 던져도 던져도 손으로 돌아온다는 단검이지.,npc
306,vendor,offer,2,설원 끝의 거인 스노우맨까지 넘어서면… 전설을 믿어 볼 만하지 않을까?,npc
306,vendor,progress,1,스노우맨은 커다란 눈덩이를 던져. 덫을 깔아 두고 옆으로 돌아 들어가~,npc
306,vendor,complete,1,세상에… 진짜로 해냈네! 이 붉은 발톱 단검은 이제 네 거야.,npc
306,vendor,complete,2,던진 칼날이 이상하게 손으로 돌아오는 느낌… 그게 진짜 사냥꾼의 증표야!,npc
307,vendor,offer,1,고원 울림돌 광장의 스톤골렘 알지? 그 녀석이 울릴 때 나는 진동이 칼날을 단단하게 굳혀 준대.,npc
307,vendor,offer,2,스톤골렘을 쓰러뜨리고 오면 담금질을 마친 칼을 건네줄게. 이번엔 진짜 사냥꾼의 무기야!,npc
307,vendor,progress,1,골렘은 느리지만 한 방이 무거워. 덫으로 묶고 거리를 벌려!,npc
307,vendor,complete,1,해냈구나! 자 받아~ 노련한 사냥꾼의 단검이야!,npc
307,vendor,complete,2,덫에 묶인 사냥감은 절대 놓치지 않을 거야.,npc
308,vendor,offer,1,모래 언덕 소문 들었어? 전갈들이 떼로 몰려다닌대.,npc
308,vendor,offer,2,사냥꾼은 한 마리씩 쫓지 않아. 덫으로 묶어 두고 한꺼번에 해치우는 거지!,npc
308,vendor,offer,3,전갈 여덟 마리만 사냥하고 와 줄래? 사냥값은 넉넉히 쳐 줄게~,npc
308,vendor,progress,1,전갈 꼬리 조심해! 덫을 먼저 깔고 기다리는 게 사냥꾼의 여유라고~,npc
308,vendor,complete,1,역시 내 눈은 틀리지 않았어! 자 두둑한 사냥값이야.,npc
308,vendor,complete,2,이제 모래 언덕의 주인만 남았네. 준비되면 말 걸어 줘~,npc
309,vendor,offer,1,설원의 화이트팽은 빠르고 영리해. 사냥꾼 실력을 제대로 시험할 수 있는 상대지.,npc
309,vendor,offer,2,화이트팽 여덟 마리를 사냥하고 꼬리 다섯 개를 모아 와 줄래? 꼬리 값은 섭섭지 않게 쳐 줄게~,npc
309,vendor,progress,1,화이트팽은 빠르니까 발부터 묶어! 꼬리는 다섯 개면 돼~,npc
309,vendor,complete,1,이 꼬리 털 결 좀 봐! 역시 믿고 맡길 만하다니까. 자 사냥값이야~,npc
309,vendor,complete,2,이제 전설 이야기를 해 줄 때가 됐네. 준비되면 다시 말 걸어 줘.,npc
314,blacksmith,offer,1,크하하! 그 망치 날이 무뎌졌군. 제대로 된 쇠를 먹여 줄 때가 됐다!,npc
314,blacksmith,offer,2,고원의 아이언호그 다섯 놈을 두들겨 패고 녀석들이 흘린 철 조각 여덟 개를 가져와라. 품삯은 두둑이 주마!,npc
314,blacksmith,progress,1,아이언호그 등껍질은 단단하다! 갑주 파쇄타로 껍질부터 벗겨 버려!,npc
314,blacksmith,complete,1,오오 이 쇳물 색깔 보게! 좋은 쇠다. 자 품삯이다!,npc
314,blacksmith,complete,2,이제 강철을 먹인 망치에 마지막 담금질만 남았군. 준비되면 다시 오게.,npc
315,blacksmith,offer,1,모루를 보강했으니 이제 그 모루를 하늘에서 떨어뜨릴 차례다!,npc
315,blacksmith,offer,2,우물의 지킴이 데우를 넘어서고 오면 하늘에서 망치를 떨어뜨리는 비기를 보여 주지!,npc
315,blacksmith,progress,1,데우는 모래 속을 파고든다. 발을 단단히 딛고 버텨라!,npc
315,blacksmith,complete,1,좋아! 잘 봐라. 먼저 대지 분쇄타로 녀석들 발을 묶고… 그 머리 위로 모루를 떨어뜨리는 거다! 스킬창(K)을 열어 봐라!,npc
315,blacksmith,complete,2,그리고 이건 데우 녀석 속에서 나온 관문 수호자의 핵이다. 모루에서 무기에 새기면 덩치 큰 놈들이 우습게 보일 거다!,npc
316,blacksmith,offer,1,황금 모루망치의 담금질이 끝났다. 이제 그걸 들 자격을 보여 줄 차례다.,npc
316,blacksmith,offer,2,설원의 거인 스노우맨을 넘어서 와라. 그래야 그 망치를 들 자격이 있다!,npc
316,blacksmith,progress,1,스노우맨의 눈덩이는 모루로 받아내라! 크하하!,npc
316,blacksmith,complete,1,…됐다. 황금 모루망치다. 내 평생 최고의 작품이지.,npc
316,blacksmith,complete,2,휘두를수록 몸이 먼저 다음 동작을 기억할 거다. 크하하하!,npc
317,blacksmith,offer,1,담금질엔 울림이 필요하다. 울림돌 광장의 스톤골렘이 내는 그 묵직한 울림 말이야!,npc
317,blacksmith,offer,2,스톤골렘을 박살 내고 와라. 그럼 로체 특제 강철구 망치를 네 손에 쥐여 주마!,npc
317,blacksmith,progress,1,골렘은 단단하다! 갑주 파쇄타로 껍질부터 벗겨 버려!,npc
317,blacksmith,complete,1,크하하! 해냈군! 자 로체 특제 강철구 망치다!,npc
317,blacksmith,complete,2,…솔직히 내 망치보다 낫다. 흥!,npc
318,blacksmith,offer,1,모래 언덕 절지류 껍질이 모루를 보강하는 데 그만이라더군.,npc
318,blacksmith,offer,2,스콜피온 여덟 놈을 두들기고 키틴질 껍질 여섯 개를 벗겨 와라. 품삯은 넉넉히 쳐 주지!,npc
318,blacksmith,progress,1,껍질은 가볍고 질겨. 조심해서 벗겨 와라!,npc
318,blacksmith,complete,1,좋아! 이 껍질이면 모루가 절대 안 깨지겠군. 자 품삯이다!,npc
318,blacksmith,complete,2,보강한 모루로 보여 줄 비기가 있다. 준비되면 다시 오게.,npc
319,blacksmith,offer,1,대장장이는 평생 딱 한 자루만 진짜 망치를 벼린다고들 하지. 내 차례가 왔나 보군.,npc
319,blacksmith,offer,2,담금질엔 눈의 결정 다섯 개와 예티의 뿔 세 개가 필요하다. 설원의 예티 다섯 놈을 넘어서 재료를 모아 와라!,npc
319,blacksmith,progress,1,담금질 재료가 모자라면 황금이 제 빛을 안 낸다고!,npc
319,blacksmith,complete,1,좋은 재료다! 자 품삯이다. 이제 불을 지피마!,npc
319,blacksmith,complete,2,망치를 들 자격이 있는지는 설원의 거인이 판가름해 줄 거다. 준비되면 오게.,npc
324,researcher,offer,1,불씨를 수정 속에 가둘 수 있다면 마나가 흩어지지 않을 거야.,npc
324,researcher,offer,2,고원 뿔버섯의 포자 반응을 여섯 번 관찰하고 슬라임 젤리 다섯 개를 가져와 줄래? 결정화 실험의 핵심이거든. 연구비도 넉넉히 줄게.,npc
324,researcher,progress,1,뿔버섯 포자는 마나와 섞이면 반응이 또렷해져. 천천히 관찰해 줘.,npc
324,researcher,complete,1,훌륭한 관찰이야! 불씨가 수정 안으로 스며들기 시작했어. 이건 약속한 연구비야.,npc
324,researcher,complete,2,다만 결정을 완전히 굳히려면 한 가지가 더 필요해. 준비되면 다시 말 걸어 줘.,npc
325,researcher,offer,1,촉매는 준비됐어. 이제 데우가 품고 있는 메마른 기운만 걷어내면 돼.,npc
325,researcher,offer,2,데우를 쉬게 해 주면 불씨 결정을 다루는 법을 가르쳐 줄게.,npc
325,researcher,progress,1,데우는 모래 속을 파고들어. 산성 장판으로 발을 묶어 두면 수월할 거야.,npc
325,researcher,complete,1,결정이 안정됐어! 이건 설치하고 잠시 뒤에 터져. 산성 장판으로 발을 묶어 두면 피할 수 없을 거야. 스킬창(K)을 확인해 봐.,npc
325,researcher,complete,2,그리고 이 사슬 파편… 느려진 적을 붙잡는 그늘의 힘이 남아 있어. 대장간 모루에서 무기에 새겨 봐.,npc
326,researcher,offer,1,마지막 연구야. 불꽃을 눈의 결정으로 식혀 가며 끝까지 벼리면… 꺼지지 않는 불꽃이 완성될지도 몰라.,npc
326,researcher,offer,2,스노우맨이 품은 그늘의 핵이 실험의 열쇠야. 스노우맨을 쓰러뜨리고 와 줘.,npc
326,researcher,progress,1,그늘의 핵은 스노우맨 안에 있어. 조심해서 다녀와.,npc
326,researcher,complete,1,…완성이야. 창공 불꽃 완드. 끝에 맺힌 불꽃은 절대 꺼지지 않을 거야.,npc
326,researcher,complete,2,이 불꽃이 앞으로 네 길을 계속 비춰 주길 바라.,npc
327,researcher,offer,1,스톤골렘의 몸속에는 울림돌의 진동이 흐르고 있어. 그 진동이면 불씨 결정을 단단히 굳힐 수 있을 거야.,npc
327,researcher,offer,2,스톤골렘을 쓰러뜨리고 와 줄래? 완성된 크리스탈 불씨 완드를 네게 줄게.,npc
327,researcher,progress,1,골렘의 진동은 강해. 거리를 두고 마법으로 공략해 봐.,npc
327,researcher,complete,1,성공이야! 불씨가 수정 안에서 고르게 빛나고 있어. 이 크리스탈 불씨 완드를 받아 줘.,npc
328,researcher,offer,1,몇 해에 한 번 피는 카투스의 꽃이 불씨를 결정으로 굳히는 촉매가 된대.,npc
328,researcher,offer,2,모래 언덕의 카투스 여덟 마리를 처치하고 꽃 세 송이를 모아 줄래? 연구비는 충분히 준비해 뒀어.,npc
328,researcher,progress,1,카투스의 꽃은 금방 시들어. 모으면 바로 가져와 줘.,npc
328,researcher,complete,1,싱싱한 꽃이야! 촉매 반응이 아주 안정적이야. 약속한 연구비야.,npc
328,researcher,complete,2,이제 우물의 지킴이 데우만 남았어. 준비되면 말 걸어 줘.,npc
329,researcher,offer,1,마지막 연구에는 불꽃을 식혀 줄 눈의 결정이 아주 많이 필요해.,npc
329,researcher,offer,2,설원의 주니어 예티 여덟 마리를 처치하고 눈의 결정 여섯 개를 모아 줄래? 연구비는 아끼지 않을게.,npc
329,researcher,progress,1,결정은 녹지 않게 조심해서 가져와 줘.,npc
329,researcher,complete,1,완벽한 결정이야! 이 정도면 불꽃을 끝까지 벼릴 수 있어. 약속한 연구비야.,npc
329,researcher,complete,2,이제 스노우맨이 품은 그늘의 핵만 남았어. 준비되면 말 걸어 줘.,npc
334,barnkeeper,offer,1,고원을 떠도는 그루터기들… 원래는 숲의 일부였대.,npc
334,barnkeeper,offer,2,여섯 그루만 달래 주고 나무 스무 개를 모아 올래…? 수고비도 챙겨 줄게.,npc
334,barnkeeper,progress,1,그루터기들이 아프지 않게… 살살 달래 줘.,npc
334,barnkeeper,complete,1,고마워… 그루터기들이 한결 편안해졌어. 이건 수고비야.,npc
334,barnkeeper,complete,2,늙은 나무가 가지를 내어 줄 준비를 하고 있대… 준비되면 다시 말 걸어 줘.,npc
335,barnkeeper,offer,1,우물의 지킴이 데우도… 사실은 목이 마를 뿐이래.,npc
335,barnkeeper,offer,2,데우를 쉬게 해 주면… 덩굴로 붙잡는 법을 알려 줄게.,npc
335,barnkeeper,progress,1,데우는 모래 속을 파고들어… 덩굴을 넓게 펼쳐 줘.,npc
335,barnkeeper,complete,1,덩굴로 발을 묶고… 그다음 멧돼지 정령을 달리게 해 봐. 한 번에 다 쓸어 담을 수 있을 거야. 스킬창(K)에 새 기술이 있어.,npc
335,barnkeeper,complete,2,그리고 이 사슬 조각… 모루에서 무기에 새기면 묶인 적을 더 세게 칠 수 있대.,npc
336,barnkeeper,offer,1,에메랄드는 스노우맨의 그늘 아래에서 잠들어 있대…,npc
336,barnkeeper,offer,2,스노우맨을 쉬게 해 줄래…? 그 보석을 품은 스태프를 줄게.,npc
336,barnkeeper,progress,1,스노우맨의 눈덩이는 차가워… 조심해.,npc
336,barnkeeper,complete,1,만년설 에메랄드 스태프야… 쥐고 있으면 네 숨결을 천천히 되살려 줄 거야.,npc
336,barnkeeper,complete,2,숲도 동물들도… 언제나 네 편이야.,npc
337,barnkeeper,offer,1,늙은 나무가 가지를 내어 주려면… 고원을 울리는 돌거인이 잠들어야 한대.,npc
337,barnkeeper,offer,2,스톤골렘을 쉬게 해 줄래…? 그럼 고목나무 스태프를 깎아 줄게.,npc
337,barnkeeper,progress,1,돌거인은 무거워… 덩굴로 발을 묶고 멀리서 달래 줘.,npc
337,barnkeeper,complete,1,고마워… 이 고목나무 스태프는 오래 쓰다듬어서 결이 부드러워. 너한테 잘 맞을 거야.,npc
338,barnkeeper,offer,1,사막의 카투스들도 원래는 순한 아이들이었어…,npc
338,barnkeeper,offer,2,여덟 마리만 달래 줄래…? 수고비는 꼭 챙겨 줄게.,npc
338,barnkeeper,progress,1,가시에 찔리지 않게 조심해…,npc
338,barnkeeper,complete,1,카투스들이 다시 햇볕을 쬐고 있어… 고마워. 이건 수고비야.,npc
338,barnkeeper,complete,2,이제 우물의 지킴이만 남았어… 준비되면 말 걸어 줘.,npc
339,barnkeeper,offer,1,만년설 아래에서도 푸르름을 잃지 않는 에메랄드가 있대…,npc
339,barnkeeper,offer,2,그 에메랄드를 깨우려면 눈의 결정이 필요해. 예티 다섯 마리를 달래고 눈의 결정 네 개를 모아 줄래…? 수고비도 줄게.,npc
339,barnkeeper,progress,1,설원은 추우니까… 몸 따뜻하게 하고 다녀와.,npc
339,barnkeeper,complete,1,결정이 반짝반짝해… 고마워. 이건 수고비야.,npc
339,barnkeeper,complete,2,마지막으로… 스노우맨을 쉬게 해 줘. 준비되면 말 걸어 줘.,npc
344,elder,offer,1,허허 요즘 자네 주먹 소리가 마을까지 들리는구먼.,npc
344,elder,offer,2,고원의 아이언호그 여섯 마리를 맨주먹으로 넘어서 보게. 쇠를 두른 녀석들이니 좋은 수련이 될 걸세. 수련비도 두둑이 챙겨 주지.,npc
344,elder,progress,1,쇠 갑주도 정권으로 두드리면 결국 금이 가네. 기합을 잊지 말게!,npc
344,elder,complete,1,허허! 주먹이 한층 단단해졌구먼. 자 수련비일세.,npc
344,elder,complete,2,내가 젊을 때 감던 아대를 물려줄 때가 된 것 같군. 준비되면 다시 오게.,npc
345,elder,offer,1,이제 자네에게 보여 줄 때가 됐군. 붉은 너클의 루카스라는 이름이 붙은 그 비기를.,npc
345,elder,offer,2,우물의 지킴이 데우를 넘어서 오게. 그 주먹이 준비됐는지 보겠네.,npc
345,elder,progress,1,비기는 힘을 모으는 찰나가 있네. 그 찰나에 녀석이 도망치지 못하게 하는 게 핵심이지.,npc
345,elder,complete,1,좋아! 힘을 모았다가… 쾅! 정권이나 스텝으로 기절시킨 녀석에겐 반드시 들어가네. 스킬창(K)을 열어 보게!,npc
345,elder,complete,2,그리고 이건 관문 수호자의 핵일세. 모루에서 무기에 새기면 덩치 큰 녀석들에게 주먹이 더 깊이 박힐 걸세.,npc
346,elder,offer,1,저 벽에 걸린 붉은 너클이 보이나? 40년 동안 한 번도 내리지 않았지.,npc
346,elder,offer,2,설원의 거인 스노우맨을 넘어서 오게. 그럼 저걸 자네 주먹에 끼워 주겠네.,npc
346,elder,progress,1,스노우맨의 눈덩이는 피하지 말고 흘려보내게. 투혼을 잊지 말게!,npc
346,elder,complete,1,…허허. 40년 만에 이 너클이 제 주인을 찾았구먼.,npc
346,elder,complete,2,붉은 너클일세. 이제 그 이름은 자네 걸세. 크하하!,npc
347,elder,offer,1,내가 매일 밤 감고 풀던 아대가 있네. 허나 그냥 줄 수는 없지.,npc
347,elder,offer,2,고원의 스톤골렘을 맨주먹으로 넘어서 보게. 그럼 이 아대를 물려주지.,npc
347,elder,progress,1,골렘은 돌덩이일 뿐일세. 기합을 넣고 정권으로 기절시킨 다음 몰아치게!,npc
347,elder,complete,1,그 주먹… 내 젊을 때보다 낫구먼! 자 강철주먹 아대일세. 철 조각을 덧대 뒀으니 더 단단할 걸세.,npc
348,elder,offer,1,모래 위에서는 발이 푹푹 빠지지. 그런 곳에서 버티는 법을 익혀야 하네.,npc
348,elder,offer,2,모래 언덕의 모래두지 여덟 마리를 넘어서 오게. 수련비는 넉넉히 주겠네.,npc
348,elder,progress,1,모래두지는 땅속으로 숨지. 튀어나오는 순간을 노리게!,npc
348,elder,complete,1,허허! 모래 위에서도 흔들림이 없구먼. 자 수련비일세.,npc
348,elder,complete,2,이제 보여 줄 때가 됐군. 준비되면 다시 오게.,npc
349,elder,offer,1,설원은 힘보다 버티는 쪽이 이긴다네.,npc
349,elder,offer,2,설원의 예티 여섯 마리를 넘어서 오게. 추위 속에서 주먹을 지키는 법을 익히게 될 걸세. 수련비도 주지.,npc
349,elder,progress,1,추위에 몸이 굳으면 주먹도 굳네. 투혼을 잊지 말게!,npc
349,elder,complete,1,허허! 추위도 자네 주먹을 막지 못하는구먼. 자 수련비일세.,npc
349,elder,complete,2,저 벽의 붉은 너클을 내릴 때가 가까워졌네. 준비되면 다시 오게.,npc
