MonsterId,Order,Pattern,MinPhase,MaxPhase,ClipRUID,Windup,Waves,Count,Radius,Range,Spacing,Interval,Spread,Speed,DamageMul,ProjectileModel,FxType,Cooldown,Disable,HitBuffId,LingerSeconds,TickInterval,FieldSeconds,FieldBuffId
slime_king,1,LEAP,1,2,,,,,,,,,,,,,,2.8,,,,,,
slime_king,2,LEAP,1,1,,,,2,,,,0.55,,,,,,3.2,,,,,,
slime_king,2,LEAP,2,2,,,,3,,,,0.5,,,,,,3.0,,,,,,
stone_golem,1,LINE,1,2,,0.8,1,3,1.3,1.4,1.5,0,,,1.2,,Dust,1.6,,,,,,
stone_golem,2,RADIAL,1,1,,0.9,1,8,0.8,9,,0.5,,6.0,0.7,Projectile_RockShard,Spark,1.8,,,,,,
stone_golem,2,RADIAL,2,2,,0.8,3,10,0.8,9,,0.45,,6.5,0.7,Projectile_RockShard,Spark,1.8,,,,,,
stone_golem,3,LINE,1,2,,0.8,1,4,1.3,1.4,1.5,0,,,1.2,,Dust,1.6,,,,,,
stone_golem,4,ROAR,1,2,,1.4,1,,6.0,,,,,,1.2,,Nova,2.2,,,,,,
deu,1,CHARGE,1,2,,,,,,,,,,,,,,0.9,,,,,,
deu,2,THORNS,1,1,4a7d9f008b334c1187c087d6f5e5cdd3,0.9,6,,1.7,,,0.4,,,0.6,,SandBurst,1.2,,,,,,
deu,2,THORNS,2,2,4a7d9f008b334c1187c087d6f5e5cdd3,0.8,9,,1.8,,,0.35,,,0.65,,SandBurst,1.0,,,,,,
deu,3,CHARGE,1,2,,,,,,,,,,,,,,0.7,,,,,,
deu,4,LINE,1,1,4a7d9f008b334c1187c087d6f5e5cdd3,0.8,1,6,1.1,1.5,1.6,0.1,,,0.22,,SandPool,1.2,,,3,0.5,,
deu,4,LINE,2,2,4a7d9f008b334c1187c087d6f5e5cdd3,0.8,3,6,1.1,1.5,1.6,0.1,25,,0.22,,SandPool,1.0,,,3,0.5,,
deu,5,CHARGE,1,2,,,,,,,,,,,,,,1.0,,,,,,
snowman,1,BOULDER,1,1,bc47715d8e634067af5bf97b923a1c6f,0.8,3,,1.0,14,,0.45,,6.0,1.1,Projectile_Snowball,,1.3,,,,,,
snowman,1,BOULDER,2,2,bc47715d8e634067af5bf97b923a1c6f,0.7,4,,1.0,14,,0.4,,6.5,1.1,Projectile_Snowball,,1.2,,,,,,
snowman,2,FROST,1,1,,0.9,2,6,1.2,2.5,1.7,0.1,22,,0.9,,Burst,1.5,,,,,,
snowman,2,FROST,2,2,,0.9,3,6,1.2,2.5,1.7,0.1,28,,0.9,,Burst,1.4,,frost_slow,,,,
snowman,3,BOULDER,1,2,bc47715d8e634067af5bf97b923a1c6f,0.7,7,,1.0,14,,0.2,,6.5,0.9,Projectile_Snowball,,1.8,,,,,,
snowman,4,FREEZE,2,2,,1.5,1,,7.5,,,,,,0.8,,Frost,2.0,,frost_slow,,,,
snowman,5,QUAKE,2,2,,1.2,3,,1.0,2.0,2.6,0.45,,,0.7,,Snow,2.2,,,,,4,snow_field_slow
