SkillId,Name,Cooldown,DamageMultiplier,StaminaCost,EffectRUID,IconRUID,SoundRUID,Description,Type,ParentSkillId,RequiredLevel,UnlockAchievementId,MaxLevel,SPCost,DamagePerLevel,CooldownPerLevel,TreeRow,TreeCol,PassiveStat,PassiveValuePerLevel,ParentRequiredLevel,HitEffectRUID,EffectOffset,EffectScale,CastAction,ConsumeItem,ConsumeCount,ProjectileRUID,UnlockOwnedItem,DamageModel,SkillPower,RequireEquippedItem,HitEffectScale,JobId,JobName,ManaCost,UnlockQuestId,ProjectileCount,SpreadDegrees,ProjectileSpeed,ProjectileLife,ProjectileSize,PierceCount,SplashSize,SplashMultiplier,AreaSize,AreaReach,Duration,TickInterval,Status,StatusDuration,StatusValue,StatusMaxStacks,ComboStatus,ComboMultiplier,ConsumeCombo,PassiveStat2,PassiveValue2,PassiveItem,HealPerTick,ImpactOnly,GrowProjectile,TriggerSoundRUID,ArmDelay,ProjectileScale,ScaleStat,JobVariantOf,BuffIds,Trigger,Knockback,Branch,CritBonus,SummonId,TauntRadius,TauntDuration,BuffTarget,BuffRadius,Category,LinkType
power_strike,파워 스트라이크,1.2,1.5,8,522793cef4ff4b79bdf73b9eda9386f8,5c61ff8df1544c05a200e598ea9164ce,1a0b41d7b3ad476eb20fd33219967661,"""전방에 강력한 일격을 가합니다.""",Melee,,1,1001,5,1,0.3,-0.05,1,1,,,,34cee7428d694e3a91e8a4aca8dd04ac,1.5,2.0,swingO2,,,,,Physical,0,,1.0,,,,,,,,,,,,,,,,,,,,,,,,,,,,,,,,,STR,,,,,,,,,,,,,
dash,플래시 점프,3.0,1.0,15,86500681cfad4e8488cf4ba9376fe801,e7b7455d8b7343bdaeb0e92bb9fbbda5,d6f202c516fb4c1fbe51edddfa9e5dfb,"""바라보는 방향으로 짧게 도약합니다. 경로의 적에게 마법 피해를 줍니다.""",Dash,,2,1002,3,1,0.2,-0.3,1,2,,,,6c691c6d80724c7f966326006e210fcc,0.0,2.0,,,,,,Magic,0,,2.0,,,,,,,,,,,,,,,,,,,,,,,,,,,,,,,,,INT,,,,,,,,,,,,,
swift_gather,신속 채집,0,0,0,,165b43a0d0ce4fc88939a3f5e3e9d95c,,"""채집 스윙 쿨다운을 레벨당 0.08초 줄입니다. 패시브.""",Passive,,2,1002,5,1,0,0,1,3,MineCooldown,-0.08,,,,,,,,,,,,,,,,,,,,,,,,,,,,,,,,,,,,,,,,,,,,,,,,,,,,,,,,,,,
earth_shatter,슬래시 블러스트,15.0,4.5,40,4a968bf7bc5f41f788b49e61557ce627,1dc02c9673284efb94da9c86e7414eeb,5ff81e348b9547bea7998b339c21f289,"""주변에 강력한 참격을 가합니다.""",Ultimate,power_strike,5,1004,3,2,1.0,-1.0,2,1,,,3,11453a10e5374d9f95f226990c9d7b30,0.0,2.0,swingT2,,,,,Physical,0,,1.0,,,,,,,,,,,,,,,,,,,,,,,,,,,,,,,,,STR,,,,,,,,,,,,,evolve
hand_axe_throw,주먹도끼 던지기,0.8,1.5,4,522793cef4ff4b79bdf73b9eda9386f8,57345d4aa6a640419af19e340c29940f,cc4775e4fe504321b1b42e7427cca089,주먹도끼를 들고 1개를 던져 큰 피해를 줍니다.,Projectile,,1,1006,5,1,0.3,0,2,2,,,,34cee7428d694e3a91e8a4aca8dd04ac,1.2,2.0,swingO1,Hand Axe,1,thumbnail://384de1d5a70747a4b356484cf2753b5f,Hand Axe,Throw,16,Hand Axe,1.0,,,,,,,11,1.1,,,,,,,,,,,,,,,,,,,,,,,,1.0,STR,,,,,,,,,,,,,
mine_power,강력 채집,0,0,0,,cb7c40065f5f452cb886f2719833e756,,"""채집 타격 위력이 레벨당 +1 증가합니다. 패시브.""",Passive,swift_gather,4,1005,3,2,0,0,2,3,MinePower,1,3,,,,,,,,,,,,,,,,,,,,,,,,,,,,,,,,,,,,,,,,,,,,,,,,,,,,,,,,,,evolve
recovery,회복,0,0,0,86500681cfad4e8488cf4ba9376fe801,e9159fac35ab479e85e654854abeca2b,,전투가 끝나고 4초가 지나면 매초 최대 체력의 레벨×2%를 회복합니다. 기력을 쓰지 않습니다.,Passive,,2,,5,1,0,0,3,1,OutOfCombatHealPct,0.02,,,,2.0,,,,,,Physical,0,,1.0,,,,,,,,,,,,,,,,,,,,,,,,,,,,,,,,,,,,,,,,,,,,,,
gigantic_rock,기간틱 락,8,2.2,12,522793cef4ff4b79bdf73b9eda9386f8,57345d4aa6a640419af19e340c29940f,cc4775e4fe504321b1b42e7427cca089,주먹도끼 1개와 MP로 거석을 던집니다. 비행 중 커지며 최대 5마리를 관통하고 밀어냅니다. 끝에서 지진파가 터집니다.,Projectile,hand_axe_throw,5,,3,2,0.4,0,3,2,,,3,34cee7428d694e3a91e8a4aca8dd04ac,1.2,2.0,swingO1,Hand Axe,1,thumbnail://384de1d5a70747a4b356484cf2753b5f,,Throw,16,Hand Axe,1.0,,,18,,,,7,1.4,4,5,7,0.8,,,,,,,,,,,,,,,,,true,,,,STR,,,,,,,,,,,,,evolve
shatter_scatter,쇄석 흩뿌리기,5,0.7,10,522793cef4ff4b79bdf73b9eda9386f8,57345d4aa6a640419af19e340c29940f,cc4775e4fe504321b1b42e7427cca089,주먹도끼 1개와 MP로 5개의 파편을 부채꼴로 흩뿌립니다. 가까이 붙으면 여러 파편이 같은 적에게 적중합니다.,Projectile,hand_axe_throw,5,,3,2,0.15,0,3,3,,,3,34cee7428d694e3a91e8a4aca8dd04ac,1.2,2.0,swingO1,Hand Axe,1,thumbnail://384de1d5a70747a4b356484cf2753b5f,,Throw,16,Hand Axe,1.0,,,12,,5,50,8,0.65,0.8,,,,,,,,,,,,,,,,,,,,,,,,STR,,,,,,,,,,,,,evolve
mana_affinity,비전 마나 친화,0,0,0,,4aeb67eadba54c31b19ed8553703d3bd,,레벨당 최대 MP가 15 증가하고 초당 MP 회복량이 0.5 증가합니다.,Passive,,4,,3,1,0,0,1,2,MaxMana,15,,,,,,,,,,,,,,alchemist,알케미스트,,,,,,,,,,,,,,,,,,,,,,ManaRegen,0.5,,,,,,,,,,,,,,,,,,,,passive,
acid_potion,슬라임 산성 포션,8,0.45,4,b0d47a8948314a5ea04a00690d921fc3,6141a148453e4b2aa5223f5a4e385001,eb7f504670a14802a48cc94f4eb66848,앞에 6초 동안 산성 장판을 만듭니다. 1초마다 피해를 주고 이동 속도를 35% 낮춥니다. 푸른 불씨의 촉매가 됩니다.,Field,,4,,3,1,0.1,-0.3,1,1,,,,4350a78c8bd045cb9fd96b1911415c26,1.2,1.8,shoot1,,,983a41e810e44300a4fe51ead9cb1615,,Magic,0,,1.5,alchemist,알케미스트,14,,,,,,,,,,4,3,6,1,Acid,2,0.35,,,,,,,,,,,,,,INT,,,,0,main,,,,,,,install,
fireball,매직 클로,5.0,2.2,18,cec1e8c25553408993b680b46baf1c36,f3fcac2d460041b288cc1973caaaf30f,ffa11f4087b9479db85902cc525ffa12,전방으로 지능 계열의 마법 발톱을 발사합니다.,Projectile,,4,,3,1,0.4,-0.3,2,1,,,,b45c1f472d2d447494567641b3d7e765,1.2,2.0,shoot1,,,983a41e810e44300a4fe51ead9cb1615,,Magic,0,,3.0,alchemist,알케미스트,12,,,,,,,,,,,,,,,,,,,,,,,,,,,,,,INT,,,,,main,,,,,,,combat,
blue_ember,푸른 불씨 폭발,6,2,6,cec1e8c25553408993b680b46baf1c36,8314aec201764329abfc73d03c9a0dc7,3cfe15e5a5dd4e9bbedecfef7fdc4e2a,푸른 불씨를 던져 착탄 지점에 폭발을 일으킵니다. 산성에 젖은 적에게 피해가 75% 증가하고 산성 표식을 소모합니다.,Projectile,,4,,3,1,0.4,-0.3,1,3,,,,bba05d790659401eba9f3da4e27dd9a6,1.2,2.0,shoot1,,,983a41e810e44300a4fe51ead9cb1615,,Magic,0,,1.2,alchemist,알케미스트,18,323,,,9,,,,5,1,,,,,,,,,Acid,0.75,true,,,,,true,,,,,DEX,,,,,sub,,,,,,,combat,
tempered_skin,담금질 피부,0,0,0,,5dfcc4a1ac0346e8b0a4d790bf2fa8c5,,구리 광석 보유 중 공격 적중 후 6초 동안 받는 피해가 레벨당 2 감소합니다.,Passive,,4,,3,1,0,0,1,2,DamageReduction,2,,,,,,,,,,,,,,battle_smith,배틀스미스,,,,,,,,,,,,,6,,,,,,,,,,,Copper Ore,,,,,,,,,,,,,,,,,,,passive,
armor_break,갑주 파쇄타,0.9,1.3,6,522793cef4ff4b79bdf73b9eda9386f8,a88b9b14a5d947db921a5e718ab7d2e7,5771111f4a4b4bda92508f9c9a1d3cd1,앞의 적을 때려 8초 동안 방어력을 5%씩 깎습니다. 최대 6중첩입니다. 광석을 들고 적중시키면 담금질 피부가 발동합니다.,Melee,,4,,3,1,0.2,-0.05,1,3,,,,4080025dd64a4a7eb265a8b3a85664c1,1.5,2.0,swingO2,,,,,Physical,0,,1.5,battle_smith,배틀스미스,,,,,,,,,,,,,,,ArmorBreak,8,0.05,6,,,,,,,,,,,,,SPI,,,,,sub,,,,,,,combat,
earth_crusher,대지 분쇄타,9,2.8,18,a6f165648e5042b0a981946452fd33c2,1f63c781f49440c8b5df2fa72c897216,ed1bf937c5564619a3c8ece97ec86fe8,주변을 강타하고 1.2초 기절시킵니다. 갑주 파쇄 중첩당 피해가 15% 증가하며 중첩을 소모합니다.,Ultimate,armor_break,4,,3,1,0.5,-1.0,2,3,,,3,934dedd3d59a462ebe557fb27e687599,0.0,2.5,swingT2,,,,,Physical,0,,1.5,battle_smith,배틀스미스,10,313,,,,,,,,,6,,,,Stun,1.2,,,ArmorBreak,0.15,true,,,,,,,,,,SPI,,,,,sub,,,,,,,combat,evolve
thrifty_hands,알뜰한 손놀림,0,0,0,,b688b13858614282b41dd9c7c2812bf4,,투척 시 탄약을 레벨당 20% 확률로 보존하고 투척 스킬 피해가 레벨당 4% 증가합니다. 마스터하면 탄약을 100% 보존합니다. 시전할 탄약은 반드시 보유해야 합니다.,Passive,,4,,5,1,0,0,2,2,AmmoSave,0.2,,,,,,,,,,,,,,trapper,트래퍼,,,,,,,,,,,,,,,,,,,,,,ThrowDamagePct,0.04,,,,,,,,,,,,,main,,,,,,,passive,
hunter_trap,사냥꾼의 덫,10,2.5,8,38250e8bd1ec4e3b977322c5c672dc0e,56103bed5204479f8d9639df65f30484,3c7daab8659c4a8aa5f9f02ab632438d,앞에 8초 동안 덫을 설치합니다. 처음 밟은 무리를 2초 속박하고 방어력을 20% 낮춥니다. 묶인 적에게 투척 피해가 25% 증가합니다.,Trap,,4,,3,1,0.35,-0.05,1,1,,,,025ace4d41a7461caf9e461bd8a48130,2.0,2.0,swingO2,,,,,Physical,0,,1.5,trapper,트래퍼,6,,,,,,,,,,3,2,8,0.25,Root,2,0.2,,,,,,,,,,,10c64d94ff544d2099a4ea6dac340d37,0.5,,STR,,,,0,main,,,,,,,install,
trophy_eye,전리품 감별안,0,0,0,,0cdc58f4336044e58e07afcd112727d0,,자연 전리품을 레벨당 10% 확률로 1개 더 얻습니다. 덫에 걸린 적은 확률이 두 배가 됩니다.,Passive,,4,,3,1,0,0,1,2,LootChance,0.1,,,,,,,,,,,,,,trapper,트래퍼,,303,,,,,,,,,,,,,,,,,,,,,,,,,,,,,,,,,,,,,,,,,passive,
thorn_guard,가시 넝쿨 방벽,12,0.6,6,4528050d32f04dd78b8509931912b650,7efbb299bfb1437183fef0c9624a650e,9bbd448ab718476ea7b809847ac3f8c2,6초 동안 피해를 30% 줄이고 가까운 공격자에게 받은 피해의 60%를 되돌립니다. 레벨당 반사율이 10% 증가합니다.,Guard,,4,,3,1,0.1,-0.05,1,2,,,,34cee7428d694e3a91e8a4aca8dd04ac,0.0,1.2,swingO2,,,,,Physical,0,,1.0,wild_keeper,와일드키퍼,12,,,,,,,,,,,,6,,,,0.3,,,,,,,,,,,,,,SPI,,,,,,,,,,,,support,
wild_whistle,야생의 호루라기,8,1.8,8,522793cef4ff4b79bdf73b9eda9386f8,36d26ddbf2c04cef99f171a7488ed8b1,67450a5f0c8a4b8385c7f561d4992360,멧돼지 정령이 앞으로 돌진하며 최대 4마리를 밀어내고 1초 넘어뜨립니다. 회복할 틈을 만듭니다.,Projectile,,4,,3,1,0.35,-0.05,1,1,,,,34cee7428d694e3a91e8a4aca8dd04ac,1.5,2.0,swingO2,,,a11cef0c68bf47149f2f5703a04926fd,,Physical,0,,1.0,wild_keeper,와일드키퍼,10,,,,10,0.8,2,4,,,,,,,Stun,1,,,,,,,,,,,,,,,SPI,,,,,main,,,,,,,combat,
nature_vitality,자연의 활력,18,0,6,816f27051d3b4273b37bc4e5cc68b4e6,4f30579266774c469f4b867cecb74f10,a1a425ae3c1c49afa068ee212676c5dc,6초 동안 주변 아군을 초당 4+레벨×2 회복합니다(지능 1당 회복량 +1%). 배운 뒤 가축에게 먹이를 주면 친밀도가 더 오르고 생산 대기가 레벨당 10% 짧아집니다.,HealAura,,4,,3,1,0,0,1,3,AnimalCare,0.1,,,,2.5,,,,,,,,,,wild_keeper,와일드키퍼,20,333,,,,,,,,,6,0,6,1,,,,,,,,,,,4,,,,,,INT,,,,,sub,,,,,,,support,
fist_shout,기합,20,0,0,4e37f7f11b9141cea5c2abdab4982e87,fc799caaec864d98955815cdab4e33d1,33bfb1eaec244644a2749e0c11ed9513,가슴 깊은 곳에서 기합을 내질러 12초 동안 공격력이 15% 오르고 이동 속도와 공격·채집 속도가 15% 빨라집니다. 레벨당 재사용 대기시간이 2초 줄어듭니다.,Buff,,6,,3,1,0,-2,1,1,,,,,0.0,2.0,,,,,,,,,,barefist_fighter,맨주먹 파이터,15,,,,,,,,,,,,12,,,,,,,,,,,,,,,,,,,,fist_shout_atk|fist_shout_move|fist_shout_speed,,,,,,,,,,,
fist_aura,투기 방출: 오라 피스트,0,0,0,3e4119cabd6046098cff627eb66ca7a2,51d21754397c424c88e1a562ce2b3962,,기합을 쓰면 투기가 함께 방출됩니다. 12초 동안 평타(Ctrl)가 60% 위력의 추가타를 한 번 더 날리고 평타마다 기력을 5 회복합니다. 슬롯에 넣지 않아도 됩니다.,Passive,fist_shout,6,,1,2,,,2,1,,,1,,,2.0,,,,,,,,,,barefist_fighter,맨주먹 파이터,,343,,,,,,,,,,,12,,,,,,,,,,,,,,,,,,,,fist_aura_follow|fist_aura_stamina,OnParentCast,,,,,,,,,,upgrade
fist_iron_body,강철 피부,0,0.4,0,36983cdfbd19464c95399834ffe81dab,52162587bc534b9385af8c77513d93d4,,불굴의 투혼이 발동하면 근육이 강철처럼 굳습니다. 8초 동안 받는 피해가 35% 줄고 넉백·경직을 무시하며 가까운 적에게 받은 피해의 40%를 되돌립니다. 레벨당 반사율이 10% 오릅니다.,Passive,recovery,6,,3,1,0.1,,2,2,,,1,,,2.0,,,,,,,,,,barefist_fighter,맨주먹 파이터,,,,,,,,,,,,,8,,,,0.35,,,,,,,,,,,,,,,,fist_iron_armor,OnParentTrigger,,,,,,,,,,upgrade
fist_trinity,삼위일체의 극의,0,0,0,,bcf59489856147c0890ee945bb297a32,,힘·솜씨·체력이 고를수록 자가 강화(기합·투기 방출·강철 피부) 지속시간이 레벨당 최대 13% 늘어납니다(균형도에 비례). 모든 스킬 재사용 대기시간이 레벨당 7% 줄어듭니다.,Passive,,8,,3,2,,,3,2,BuffDurationPct,0.13,,,,,,,,,,,,,,barefist_fighter,맨주먹 파이터,,,,,,,,,,,,,,,,,,,,,,CooldownPct,0.07,,,,,,,,,,,,,,,,,,,,,
fist_heavy_straight,묵직한 정권 지르기,,1.6,,4f97bf6aecbc4687aa83e60e763aaf89,c06426910ef343ee99dcc0d6ccf61e07,80ad9290460845f18e49478784bcc1b1,무기 대신 묵직한 정권을 내지릅니다. 사거리가 1.5배 길고 적중한 적을 1초 기절시킵니다(보스는 둔화). 삼위일체 계열 피해입니다.,Melee,,,,5,,0.3,,,,,,,108745e2c8bb476a9855f716fd9adadd,1.5,1.6,swingO2,,,,,Physical,0,,1.3,barefist_fighter,맨주먹 파이터,,,,,,,,,,,3,2.4,,,Stun,1,,,,,,,,,,,,,,,TRI,power_strike,,,,,,,,,,,,
fist_infight_step,인파이트 스텝,,1.2,,2f53b95ae9f047bd9a07d874347c29f9,5e32ce05d92b456a8b3c6e25b42d8b7a,d63720e2f7434b5d9faeaefb236282a2,지면을 박차고 앞으로 돌진해 경로의 적에게 물리 피해를 주고 0.5초 기절시킵니다. 돌진 뒤 3초 안의 다음 평타 피해가 50% 증가합니다. 삼위일체 계열 피해입니다.,Dash,,,,3,,0.2,,,,,,,82d09125e8d34f63b27221b39bbf85f5,0.0,2.0,,,,,,Physical,0,,1.3,barefist_fighter,맨주먹 파이터,,,,,,,,,,,,,,,Stun,0.5,,,,,,,,,,,,,,,TRI,dash,fist_step_empower,,,,,,,,,,,
fist_second_wind,불굴의 투혼,60,,,02164f7960a7429c844b2aee696ec292,d1608479766c4b2592825d3cb2f4c072,,비전투 회복량이 두 배(초당 최대 체력의 레벨×4%)가 됩니다. 전투 중 HP가 30% 이하로 떨어지면 기력을 모두 회복하고 4초 동안 넉백·경직을 무시합니다(재사용 60초). 강철 피부를 배웠다면 함께 발동합니다.,Passive,,,,5,,,,,,OutOfCombatHealPct,0.04,,,,1.6,,,,,,,,,,barefist_fighter,맨주먹 파이터,,,,,,,,,,,,,,,,,0.3,,,,,,,,,,,,,,,recovery,fist_second_wind_armor,LowHp,,,,,,,,,,
axe_rain,도끼 비,9,0.8,6,2873280286c04e75b8a0ef203afd981d,e6d3dba1739e4f45931ef84f21c844e5,cc4775e4fe504321b1b42e7427cca089,주먹도끼 1개와 MP로 앞쪽 땅에 도끼를 쏟아붓습니다. 0.6초 뒤부터 5초 동안 0.5초마다 떨어져 범위 안의 적을 칩니다. 덫에 묶인 적은 모두 맞습니다. 알뜰한 손놀림이 적용됩니다.,Field,,12,,3,2,0.15,-0.5,3,1,,,,cead408fa00c425489b27b1916da5279,3,2.5,,Hand Axe,1,,,Throw,0,,1.5,trapper,트래퍼,14,305,,,,,,,,,3.5,3,6,0.5,,,,,,,,,,,,,,,0.6,,STR,,,,0,main,,,,,,,install,
anvil_drop,모루 낙하,12,4,10,5defe733f8a64884a2442671ed260ca9,38379a5a293b41adbbc11ec06d37402a,0b0d089b172a41b0887f765fbcd54c72,앞쪽 땅을 표시하고 1초 뒤 하늘에서 거대한 망치를 떨어뜨립니다. 좁은 범위에 아주 큰 피해를 줍니다. 대지 분쇄타로 기절시킨 적은 피할 수 없습니다.,Field,,12,,3,2,0.6,-1,3,1,,,,a48c869e18ac48bc8695b817d1836079,2.2,2.5,,,,,,Physical,0,,1,battle_smith,배틀스미스,12,315,,,,,,,,,2.6,2.2,1.4,5,,,,,,,,,,,,,,,1,,STR,,,,,main,,,,,,,combat,
ember_crystal,불씨 결정,10,3.2,4,3e3c7600a6aa4b7497d8b12090e4f710,48be1105ca04423ea37816bd4ad38eeb,715ccff9a97949e5af1ff00a1779ae14,불안정한 푸른 불씨 결정을 앞에 설치합니다. 1.5초 뒤 넓게 폭발해 큰 마법 피해를 줍니다. 산성 장판에 발이 묶인 적이 범위를 벗어나기 어렵습니다.,Field,blue_ember,12,,3,2,0.5,-1,3,3,,,1,549c4ec1face453e80696346a0d835a3,2.5,1.6,,,,,,Magic,0,,1.2,alchemist,알케미스트,20,325,,,,,,,,,3.6,2.5,1.9,5,,,,,,,,,,,,,,,1.5,,DEX,,,,,sub,,,,,,,install,evolve
vine_snare,덩굴 올가미,14,0.4,6,ab9b2c069a464c4c84b9d2966b1b9ee3,08db04ce57064c719f7e9e38750d7fa9,f0f6482a9c2b4ad59baff123312e0356,앞쪽에 3초 동안 덩굴을 펼칩니다. 범위 안의 적은 1초마다 작은 피해를 입고 발이 묶입니다(보스는 둔화). 묶인 적에게 야생의 호루라기 돌진을 이어 보세요.,Field,,12,,3,2,0.1,-1,3,3,,,,,2.5,0.9,,,,,,Physical,0,,,wild_keeper,와일드키퍼,16,335,,,,,,,,,3.5,2.5,3.2,1,Root,1.3,0.1,,,,,,,,,,,,0,,INT,,,,0,sub,,,,,,,install,
red_knuckle,붉은 너클의 일격,8,4.5,12,21f41a81d1e4469091c5bf9cce4db6e7,636bcace53134bc0bdff781f5aab816f,5db30acbe1c942648aa9be555baf976d,촌장 루카스가 전성기에 쓰던 비기. 0.5초 동안 힘을 모았다가 바로 앞을 강타해 아주 큰 피해를 줍니다. 정권 지르기나 인파이트 스텝으로 기절시킨 적에게는 반드시 들어갑니다.,Field,,12,,3,2,0.6,-0.5,3,1,,,,b146ab23a5304a66a8d99d29e5a9b46f,1.6,1.2,swingO2,,,,,Physical,0,,1,barefist_fighter,맨주먹 파이터,10,345,,,,,,,,,2.2,1.6,0.9,5,,,,,,,,,,,,,,,0.5,,TRI,,,,,,,,,,,,,
shadow_step,그림자 걸음,6,1,10,86500681cfad4e8488cf4ba9376fe801,7267e6033de3427eb77d4f051bdbafb7,ebb069d34e7f4b61b46e2fa09d94becf,바라보는 방향으로 그림자처럼 순간이동하며 경로의 적에게 피해를 줍니다. 3초 동안 다음 피해 스킬이 반드시 치명타로 들어가고 이동 속도가 20% 빨라집니다.,Dash,,4,,3,1,0.2,-0.5,1,3,,,,932ebcb4e9ce4fc6bc0ad025f92eb164,0,2.0,,,,,,Physical,0,,1.0,trapper,트래퍼,8,,,,,,,,,,,,3,,,,,,,,,,,,,,,,,,DEX,,shadow_step_crit|shadow_step_move,,,sub,,,,,,,mobility,
vital_stab,급소 찌르기,4,3,8,,92a5020c978c46bdabab910598118b86,dd4221f891e245de8c71b9eeca2a1dda,바로 앞의 좁은 범위를 날카롭게 찔러 큰 피해를 줍니다. 이 스킬은 치명타 확률이 30% 더 높습니다.,Melee,,4,,3,1,0.4,-0.25,2,3,,,,c13c85382144469daf33bf2c9bae7e5e,,,stabO1,,,,,Physical,0,,1.3,trapper,트래퍼,8,,,,,,,,,,2,1.4,,,,,,,,,,,,,,,,,,,DEX,,,,,sub,0.3,,,,,,combat,
vital_insight,급소 간파,0,0,0,,5a78b6fc281449d08794e132030e258d,,"치명타 확률이 레벨당 3%, 치명타 피해가 레벨당 10% 늘어납니다. 솜씨로 급소를 노리는 그림자 사냥꾼의 핵심입니다.",Passive,,4,,5,1,0,0,3,2,CritChance,0.03,,,,,,,,,,,,,,trapper,트래퍼,,,,,,,,,,,,,,,,,,,,,,CritDamage,0.1,,,,,,,,,,,,,sub,,,,,,,passive,
shadow_flurry,그림자 난도,14,1.1,14,41e78028c9af49db9f39ddcb0cbf5603,770906d2fb60460abb9ac9dab4875dee,d2412f8c15ad404081786334ff9a9b43,바로 앞을 1.25초 동안 0.25초마다 베어 5번 피해를 줍니다. 시전하는 동안 넉백·경직을 무시하고 맞은 적을 밀어내지 않습니다.,Field,vital_stab,12,,3,2,0.15,-1,3,3,,,1,3d40f5511c344d358d66c3b1ad059012,1.3,0.8,stabO1,,,,,Physical,0,,1.0,trapper,트래퍼,16,305,,,,,,,,,2.6,1.3,1.25,0.25,,,,,,,,,,,,,,,0,,DEX,,skill_channel_armor,,0,sub,,,,,,,combat,evolve
throw_mastery,투척 숙련,0,0,0,,38044ea122f7440f8cadeea6c9c27f8c,,단검을 주무기로 쓰면 평타(Ctrl 탭)가 앞으로 날아가는 투척(사거리 5)으로 바뀝니다. 던진 단검은 돌아와 탄약이 들지 않습니다. 평타 투척 피해가 레벨당 6% 늘어납니다(힘 계열).,Passive,,4,,3,1,0,0,2,1,ThrowBasic,1,,,,,,,,,,,,,,trapper,트래퍼,,,,,,,,,,,,,,,,,,,,,,BasicThrowDamagePct,0.06,,,,,,,,,,,,,main,,,,,,,passive,
hammer_whirl,쇠망치 회전,7,0.9,12,839e1de64cf1429b94ab6e486fc5b4b2,59f5e81b121744ed8d6099123d413ebd,8556bff9c68748a08f706799c5d789e6,망치를 크게 휘돌려 1초 동안 0.25초마다 주변 적에게 4번 피해를 줍니다. 회전하는 동안 넉백·경직을 무시하고 맞은 적을 밀어내지 않습니다.,Field,,4,,3,1,0.15,-0.5,2,1,,,,655e7b9584e24bda8b3e55f607bf2fc9,0,0.7,swingT1,,,,,Physical,0,,1.0,battle_smith,배틀스미스,10,,,,,,,,,,3.6,0,1,0.25,,,,,,,,,,,,,,,0,,STR,,skill_channel_armor,,0,main,,,,,,,combat,
iron_physique,강철 체격,0,0,0,,1743b17a86d54d98820aedbfec429892,,체력 포인트의 레벨당 10%를 힘 계열 포인트로 더합니다(공격력에만 반영). 받는 피해가 레벨당 2% 줄어듭니다.,Passive,,4,,3,1,0,0,2,2,VitToStr,0.1,,,,,,,,,,,,,,battle_smith,배틀스미스,,,,,,,,,,,,,,,,,,,,,,DamageReductionPct,0.02,,,,,,,,,,,,,main,,,,,,,passive,
break_mastery,파쇄 숙련,0,0,0,,d5cc33ccae844ba3b41d9c553f52200a,,"갑주 파쇄 최대 중첩이 Lv3에서 1, Lv5에서 1 더 늘어납니다. 내가 건 상태이상(기절·둔화·속박·방어력 감소 등)의 지속시간이 레벨당 6% 늘어납니다.",Passive,armor_break,4,,5,1,0,0,3,2,ArmorBreakMaxStacks,0.4,1,,,,,,,,,,,,,battle_smith,배틀스미스,,,,,,,,,,,,,,,,,,,,,,ControlDurationPct,0.06,,,,,,,,,,,,,sub,,,,,,,passive,upgrade
fracture_mark,균열 각인,16,2.5,14,d2089557d7f947f4850e87b63e320db7,8da4342124724876893eef2a59b8c5c8,b66546edf7ff474fb6063a03d23617fa,앞쪽 땅을 표시하고 0.6초 뒤 내려쳐 피해를 주고 8초 동안 균열을 새깁니다. 균열이 생긴 적은 누구에게 맞든 받는 피해가 20% 늘어납니다(보스 10%).,Field,armor_break,12,,3,2,0.4,-1,3,3,,,1,c588328b0bce43d783f167b37662dcb8,1.8,1.2,swingT1,,,,,Physical,0,,1.2,battle_smith,배틀스미스,12,315,,,,,,,,,2.6,1.8,0.9,5,Vulnerable,8,0.2,,,,,,,,,,,,0.6,,SPI,,,,,sub,,,,,,,combat,evolve
catalyst_study,촉매 연구,0,0,0,,7f1bcd68d755442f86ceaff82d63be56,,"내가 펼친 지속 장판(산성 포션·대연성 진)의 지속시간이 레벨당 10%, 틱 피해가 레벨당 8% 늘어납니다.",Passive,acid_potion,4,,5,1,0,0,2,2,FieldDurationPct,0.1,1,,,,,,,,,,,,,alchemist,알케미스트,,,,,,,,,,,,,,,,,,,,,,FieldDamagePct,0.08,,,,,,,,,,,,,main,,,,,,,passive,upgrade
grand_circle,대연성 진,22,0.7,16,876042858c574e829697ce796ea71f99,c6a8f199cd68461c9f0373565e857bee,eb7f504670a14802a48cc94f4eb66848,앞쪽에 연성진을 그리고 1초 뒤 8초 동안 발동합니다. 반지름 2.5 안의 적은 1초마다 마법 피해를 입고 이동 속도가 30% 느려집니다. 적을 밀어내지 않습니다.,Field,acid_potion,12,,3,2,0.1,-2,3,1,,,1,c918ebbbbff4498b98c5b45d1bd2fe1c,2.5,0.6,shoot1,,,,,Magic,0,,0.8,alchemist,알케미스트,24,325,,,,,,,,,5,2.5,9,1,Slow,1.2,0.3,,,,,,,,,,,,1,,INT,,,,0,main,,,,,,,install,evolve
ember_snipe,불씨 저격,8,4,10,6c7b4f7910af41dfbe1348eaf2f8c9e6,804c52c890234d69a6a937d7523bb9f8,384e71cfc38a4ab1b8a10963cae6365f,"압축한 푸른 불씨를 초고속으로 쏘아 멀리(약 10칸) 있는 적까지 꿰뚫습니다. 최대 3마리를 관통하고, 이 스킬은 치명타 확률이 25% 더 높습니다.",Projectile,blue_ember,4,,3,1,0.5,-0.5,2,3,,,1,72fa136a368d4f7eba60ce0d16606be5,0.6,1.2,shoot1,,,07a44ad4208240eaa8c67ca0e8688014,,Magic,0,,1.0,alchemist,알케미스트,16,,1,,22,0.45,1,3,,,,,,,,,,,,,,,,,,,,,,1,DEX,,,,,sub,0.25,,,,,,combat,evolve
precise_mix,정밀 배합,0,0,0,,1b1eea5b619a4a57ba3f20649feda62c,,치명타 피해가 레벨당 8% 늘어납니다. 4칸 이상 떨어진 적에게 주는 피해가 레벨당 5% 늘어납니다.,Passive,,4,,5,1,0,0,3,2,CritDamage,0.08,,,,,,,,,,,,,,alchemist,알케미스트,,,,,,,,,,,,,,,,,,,,,,FarDamagePct,0.05,,,,,,,,,,,,,sub,,,,,,,passive,
life_cycle,생명의 순환,0,0,0,,c97d83b7622544ac800ecdb37b9e017a,,회복량(자연의 활력·생명 펄스)이 레벨당 8% 늘어납니다. 내가 건 상태이상의 지속시간이 레벨당 6% 늘어납니다.,Passive,,4,,5,1,0,0,3,2,HealPowerPct,0.08,,,,,,,,,,,,,,wild_keeper,와일드키퍼,,,,,,,,,,,,,,,,,,,,,,ControlDurationPct,0.06,,,,,,,,,,,,,sub,,,,,,,passive,
iron_provoke,쇠망치 도발,14,0,10,af4e6abe766e4970a0e90aca58c6cc1c,62d6471a6b97411483329b7345dc2e0e,abeb7b6a61164c9495d9970541df5d59,망치로 땅을 울려 반경 3.5 안 몬스터의 표적을 5초 동안 나로 고정합니다(보스 제외). 6초 동안 받는 피해가 25% 줄고 넉백·경직을 무시합니다.,Buff,,4,,3,1,0,-1,1,1,,,,,0,2.5,swingT1,,,,,,,,,battle_smith,배틀스미스,8,,,,,,,,,,,,6,,,,,,,,,,,,,,,,,,,,provoke_guard|skill_channel_armor,,,main,,,3.5,5,,,support,
summon_beast,야수 소환,12,1.2,10,c55c7568616841f6a0491a1fd031501d,83cbbf005530431592358a81bc9390c9,95f06fc6883845e7a13630e0eda60afe,"멧돼지 정령을 40초 동안 불러냅니다. 정령은 근처 몬스터를 1.2초마다 들이받고(교감 계열), 맞은 몬스터는 잠시 정령을 노립니다(보스 제외). 정령 체력은 내 최대 HP의 40%이며 회복 스킬로 함께 회복됩니다.",Summon,,4,,3,1,0.15,0,2,1,,,,34cee7428d694e3a91e8a4aca8dd04ac,1.2,1.2,swingO2,,,,,Physical,0,,1.0,wild_keeper,와일드키퍼,16,,,,,,,,,,,,40,,,,,,,,,,,,,,,,,,SPI,,,,0,main,,spirit_boar,,,,,summon,
pack_leader,무리의 우두머리,0,0,0,,4c15df22b5ff44ebac89cd43d755e7af,,소환수의 피해와 체력이 레벨당 10% 늘어납니다. Lv3에서 야수 소환을 동시에 1마리 더 부를 수 있습니다.,Passive,summon_beast,4,,3,1,0,0,2,2,SummonPowerPct,0.1,1,,,,,,,,,,,,,wild_keeper,와일드키퍼,,,,,,,,,,,,,,,,,,,,,,SummonMax,0.34,,,,,,,,,,,,,main,,,,,,,passive,upgrade
forest_lord,숲의 군주,40,2,18,3e34d55e01c448a0bb4e6b425e05f65b,fd051469cf104e0bb1597e6930619354,27144cdcb71e40fba845e2f084b257ab,거대한 숲의 수호수를 15초 동안 불러냅니다. 수호수는 1.5초마다 주변(반지름 2.5)을 내려찍고 반경 4 안 몬스터의 표적을 강하게 끌어옵니다(보스 제외).,Summon,summon_beast,12,,3,2,0.25,-2,3,1,,,1,3a436ae129ae4aab8ca9533d8864afc7,1.2,1.6,swingO2,,,,,Physical,0,,1.0,wild_keeper,와일드키퍼,30,335,,,,,,,,,,,15,,,,,,,,,,,,,,,,,,SPI,,,,0,main,,forest_guardian,,,,,summon,evolve
wild_rally,야생의 고무,20,0,10,2e96311164ef44e384f03de145c9b604,a4cbb59314fd4bff89db8ea4f0148fe3,8257cc62a72149e09abc7bd4daa69bf5,"야성의 외침으로 반경 4 안의 나와 아군의 공격력을 8초 동안 15%, 이동 속도를 10% 올립니다. 같은 범위의 몬스터는 8초 동안 약화되어 주는 피해가 15% 줄어듭니다(보스 약 8%).",Buff,,4,,3,1,0,-2,2,3,,,,,0,2,swingO2,,,,,,,,,wild_keeper,와일드키퍼,18,,,,,,,,,,,,8,,Weaken,8,0.15,,,,,,,,,,,,,,INT,,rally_atk|rally_move,,,sub,,,,,Allies,4,support,
