EnhanceKey,Group,Level,SuccessRate,CostCoin,CostItem,CostItemCount,StatPct,AddToolPower
tier1_1,tier1,1,100,20,Copper Bar,1,0.05,0
tier1_2,tier1,2,70,40,Copper Bar,2,0.1,0
tier1_3,tier1,3,50,80,Copper Bar,3,0.16,1
tier1_4,tier1,4,35,150,Iron Bar,2,0.23,1
tier1_5,tier1,5,20,300,Iron Bar,3,0.3,2
tier2_1,tier2,1,100,40,Iron Bar,1,0.05,0
tier2_2,tier2,2,70,80,Iron Bar,2,0.1,0
tier2_3,tier2,3,50,160,Iron Bar,3,0.16,1
tier2_4,tier2,4,35,300,Iron Fragment,6,0.23,1
tier2_5,tier2,5,20,600,Chitin Shell,6,0.3,2
tier3_1,tier3,1,100,80,Iron Bar,2,0.05,0
tier3_2,tier3,2,70,160,Iron Bar,3,0.1,0
tier3_3,tier3,3,50,320,Chitin Shell,5,0.16,1
tier3_4,tier3,4,35,600,Snow Crystal,4,0.23,1
tier3_5,tier3,5,20,1200,Snow Crystal,8,0.3,2
