id,Name,DisplayName,ModelName,EntryId,Category,ToolType,ToolPower,IconRUID,PlacedTileName,Rarity,Tradable,Description,WeaponRUID,SwingAction,WeaponSlot,TerrainEditAction,UseUnlockId,UseBuffId,PreviewRUID,FurnitureKind,IsCurrency,UseAnimalId,UsePetId,TerrainEditCooldown,SwingSoundRUID,HitSoundRUID,AvoidRadius,AvoidExitRadius,ActiveDurationSec,MaxStack,Attack,ToolTier,MagicAttack,SkillAttack,Walkable,PreviewScale,EquipSlot,Defense,EquipLevel,HomeOnly,PerkStat,PerkValue,PerkDesc,EnhanceGroup,EnchantSlots,DeathEffect
wood,Wood,나무,Item_Wood,2cb8f37e-ef6b-4e17-86fb-d940f18a7412,resource,,0,b952164321fd4c9c94cb0d3e7c73b182,,Common,true,부드러운 나뭇가지. 기초 도구를 만드는 데 쓰입니다.,,,,,,,,,,,,,,,,,,,0,0,0,0,false,,,,,,,,,,,
stone,Stone,돌,Item_Stone,05fa541a-a48d-4f36-bf82-0c60784a4a53,resource,,0,5ed8bdcf520044c0a1660873beb30b10,,Common,true,흔한 돌. 도구와 건물을 만드는 데 쓰입니다.,,,,,,,,,,,,,,,,,,,0,0,0,0,false,,,,,,,,,,,
copper ore,Copper Ore,구리 광석,Item_CopperOre,3484bbf6-1973-4b23-a720-9d1b0754aa6f,resource,,0,914eb87802b64924b5f78bb97a55faeb,,Common,true,구리 광석 덩어리. 흙 벌판의 큰 바위를 곡괭이로 캐면 얻을 수 있고 화로에서 제련하면 구리 주괴가 됩니다.,,,,,,,,,,,,,,,,,,,0,0,0,0,false,,,,,,,,,,,
grass,Grass,풀,Item_Grass,896c7bd8-8a8a-48a8-a7c7-fc8c337c2a9b,resource,,0,f0bce7f800f140559f35a12a93de9c9e,,Common,true,부드러운 들풀. 묶거나 보온에 쓸 수 있습니다.,,,,,,,,,,,,,,,,,,,0,0,0,0,false,,,,,,,,,,,
hand_axe,Hand Axe,주먹도끼,Item_HandAxe,8fdc2947-7735-4aa3-90ad-208438aeb809,tool,axe,0,thumbnail://384de1d5a70747a4b356484cf2753b5f,,Common,true,주먹에 쥔 거친 돌. 나무를 베는 가장 원시적인 도구입니다.,384de1d5a70747a4b356484cf2753b5f,swingO1,,,,,,,,,,,5f9fd5d11f054593a85b1c66e5829723,d477416e1af84d8386291b5660851d2d,,,,99,0,1,0,0,false,,,,,,,,,,,
stone_pickaxe,Stone Pickaxe,돌 곡괭이,Item_StonePickaxe,0f6274e2-70fd-409b-8a20-7999c099c721,tool,pickaxe,2,thumbnail://18a44a9f39a94633b56902492e5b7da6,,Common,true,단단한 돌 곡괭이. 큰 돌을 캐는 데 알맞습니다.,18a44a9f39a94633b56902492e5b7da6,swingT1,twohand,,,,,,,,,,dfed94ccf55e419bb8f1a447505f2b8a,b097e12f762a43ad84b2288baf57331e,,,,,0,2,0,0,false,,,,,,,,,tier1,,
stone_axe,Stone Axe,돌 도끼,Item_StoneAxe,08cec3b5-eaaa-4b36-9957-0e96f0708161,tool,axe,2,thumbnail://09c266c572cc425b96b5b2b0d92defd1,,Common,true,개량된 도끼. 나무를 더 빨리 벱니다.,09c266c572cc425b96b5b2b0d92defd1,swingO2,,,,,,,,,,,96e8c2ffd1ba463b8e10639c31c5e323,d477416e1af84d8386291b5660851d2d,,,,,8,2,0,0,false,,weapon,,,,,,,tier1,1,
wooden_chest,Wooden Chest,나무 상자,Item_WoodenChest,ebd82997-e2b7-4a6f-b3cc-0dc9380e529b,furniture,,0,22e9f409617b4e4180f9c92fb26b13f7,,Common,true,남는 재료를 넣어 두는 간단한 상자입니다.,,,,,,,,,,,,,,,,,,,0,0,0,0,false,,,,,,,,,,,
furnace,Furnace,화로,Item_Furnace,f2d3a4b5-67c8-49d0-bfd1-ebd3c4a2a1b9,furniture,,0,c2c64a0d495b40a3848fbecdeac0b63b,,Uncommon,true,광석을 금속 주괴로 제련하는 돌 화로입니다.,,,,,,,c2c64a0d495b40a3848fbecdeac0b63b,,,,,,,,,,,,0,0,0,0,false,1.2,,,,,,,,,,
iron_ore,Iron Ore,철 광석,Item_IronOre,71d8820c-c72e-4b2a-b7a4-ef8b337c2a01,resource,,0,79f438d0427142f09f979b58e982b1bd,,Uncommon,true,철 광석 덩어리. 제련하면 철 주괴가 됩니다.,,,,,,,,,,,,,,,,,,,0,0,0,0,false,,,,,,,,,,,
copper_bar,Copper Bar,구리 주괴,Item_CopperBar,1234cdef-5678-4321-abcd-ef1234567890,resource,,0,d7429bc723034933b9b51de9b6b912fc,,Uncommon,true,정제된 구리 주괴. 중간 단계 제작에 쓰입니다.,,,,,,,,,,,,,,,,,,,0,0,0,0,false,,,,,,,,,,,
iron_bar,Iron Bar,철 주괴,Item_IronBar,9876fedc-5432-1234-abcd-ef9876543210,resource,,0,7ac77c77fdc0480080303b2dc0b96c35,,Rare,true,단단한 철 주괴. 상위 제작에 쓰입니다.,,,,,,,,,,,,,,,,,,,0,0,0,0,false,,,,,,,,,,,
wood_floor,Wood Floor,나무 바닥,Item_WoodFloor,a0123456-789a-bcde-f012-3456789abcde,furniture,,0,222a3bc317844763ab817f9f0553a26e,Baram_167,Common,true,구조물을 짓는 나무 바닥 타일입니다.,,,,,,,,,,,,,,,,,,,0,0,0,0,false,,,,,,,,,,,
portal,Portal,포탈,Item_Portal,f9d3a4b5-67c8-49d0-bfd1-ebd3c4a2a1a0,furniture,,0,aba58d2139ca4736bab39f6b4c39aa37,,Epic,false,다른 맵으로 이동하는 마법 포탈입니다.,,,,,,,,portal,,,,,,,,,,,0,0,0,0,false,,,,,,,,,,,
copper_pickaxe,Copper Pickaxe,구리 곡괭이,Item_CopperPickaxe,e14352d0-ed09-41ed-8e18-e378150042c4,tool,pickaxe,3,thumbnail://1d9a1f0f8a004cce8938dff567313743,,Uncommon,true,정제된 구리 곡괭이. 광석을 캐는 데 효율적입니다.,1d9a1f0f8a004cce8938dff567313743,swingT1,twohand,,,,,,,,,,dfed94ccf55e419bb8f1a447505f2b8a,b097e12f762a43ad84b2288baf57331e,,,,,0,3,0,0,false,,,,,,,,,tier2,,
copper_axe,Copper Axe,구리 도끼,Item_CopperAxe,eb72d08b-ac67-4e91-93a7-b7837a2d2b3a,tool,axe,3,thumbnail://5b0af54d1fd0489198f8c31183d130fa,,Uncommon,true,정제된 구리 도끼. 나무를 베는 데 효율적입니다.,5b0af54d1fd0489198f8c31183d130fa,swingO2,,,,,,,,,,,96e8c2ffd1ba463b8e10639c31c5e323,d477416e1af84d8386291b5660851d2d,,,,,12,3,0,0,false,,weapon,,,,,,,tier2,2,
iron_pickaxe,Iron Pickaxe,철 곡괭이,Item_IronPickaxe,5a745447-dfd5-4712-bf9a-3d224bca3342,tool,pickaxe,5,thumbnail://54a842df20b94f37b0d7bdbc0c1d2acd,,Rare,true,단단한 철 곡괭이. 상위 채광에 필요합니다.,54a842df20b94f37b0d7bdbc0c1d2acd,swingT1,twohand,,,,,,,,,,96e8c2ffd1ba463b8e10639c31c5e323,b097e12f762a43ad84b2288baf57331e,,,,,0,4,0,0,false,,,,,,,,,tier3,,
iron_axe,Iron Axe,철 도끼,Item_IronAxe,111ea19a-5b96-41b5-b8e3-3015beb4d37b,tool,axe,5,thumbnail://cdee4e069bc24b49b202f3bfe99bb8a0,,Rare,true,단단한 철 도끼. 상위 벌목에 필요합니다.,cdee4e069bc24b49b202f3bfe99bb8a0,swingO2,,,,,,,,,,,cc4775e4fe504321b1b42e7427cca089,d477416e1af84d8386291b5660851d2d,,,,,20,4,0,0,false,,weapon,,,,,,,tier3,2,
coin,Coin,코인,Item_Coin,c011e001-e2b7-4a6f-b3cc-0dc9380e529b,resource,,0,02a489cccff24a139a6c3582a5871f58,,Common,true,상점에서 물건을 살 때 쓰는 화폐입니다.,,,,,,,,,true,,,,,,,,,,0,0,0,0,false,,,,,,,,,,,
bed,Bed,침대,Item_Bed,8a8d129b-41c5-435c-997f-0cb4c9af103b,furniture,,0,c63a594904e941bbb8971237562781d3,,Common,true,편안한 나무 침대. 누워 체력과 스태미나를 회복합니다.,,,,,,,,,,,,,,,,,,,0,0,0,0,false,,,,,true,,,,,,
shovel,Shovel,삽,Item_StonePickaxe,0f6274e2-70fd-409b-8a20-7999c099c721,tool,shovel,0,thumbnail://f1b86bd8137f42ee99847b0079a16bce,,Common,true,"단단한 삽. 잔디를 파서 흙길을 내거나, 한 번 더 파서 밭을 일굴 2×2 넓은 흙터를 만듭니다.",f1b86bd8137f42ee99847b0079a16bce,stabO1,onehand,digPath,,,,,,,,0.25,d3108d8baab446d1a5f8668e5a3bedf9,,,,,,0,1,0,0,false,,,,,,,,,tier1,,
hoe,Hoe,호미,Item_StonePickaxe,0f6274e2-70fd-409b-8a20-7999c099c721,tool,hoe,0,thumbnail://db5c8f98b77f4f1a9e7505eac4d5f496,,Common,true,"단단한 호미. 삽으로 일군 2×2 흙터 위에 작물을 심을 밭을 만들거나, 다시 일궈 흙으로 되메웁니다.",db5c8f98b77f4f1a9e7505eac4d5f496,swingT1,twohand,digHole,,,,,,,,0.25,d3108d8baab446d1a5f8668e5a3bedf9,,,,,,0,1,0,0,false,,,,,,,,,tier1,,
grass_seed,Grass Seed,풀씨,Item_Grass,896c7bd8-8a8a-48a8-a7c7-fc8c337c2a9b,resource,,0,cd12afe0e3484db08d74c6e69f728683,,Common,true,풀씨 한 줌. 파여진 흙이나 길에 뿌려 2×2 푸른 잔디를 되돌립니다.,,,,plantGrass,,,,,,,,0.25,,,,,,,0,0,0,0,false,,,,,,,,,,,
carrot_seed,Carrot Seed,당근 씨앗,Item_Grass,896c7bd8-8a8a-48a8-a7c7-fc8c337c2a9b,furniture,,0,fee050300f79485fb85bc747edf8d077,,Common,true,당근 씨앗. 호미로 일군 밭에 심어 수확합니다.,,,,,,,,,,,,,,,,,,,0,0,0,0,false,,,,,,,,,,,
carrot,Carrot,당근,Item_Grass,896c7bd8-8a8a-48a8-a7c7-fc8c337c2a9b,resource,,0,446c59fb4f564d1592509ea3bc1885f1,,Common,true,갓 수확한 당근. 팔거나 요리에 씁니다.,,,,,,,,,,,,,,,,,,,0,0,0,0,false,,,,,,,,,,,
recipe_scroll_copper,Recipe Scroll: Copper Tools,제작 두루마리: 구리 도구,Item_Wood,2cb8f37e-ef6b-4e17-86fb-d940f18a7412,consumable,,0,b435d5054c564362b714dc19cec5afad,,Rare,false,고대 두루마리. 사용하면 구리 도구 제작법을 배웁니다.,,,,,research_copper_tools,,,,,,,,,,,,,,0,0,0,0,false,,,,,,,,,,,
recipe_scroll_iron,Recipe Scroll: Iron Tools,제작 두루마리: 철 도구,Item_Wood,2cb8f37e-ef6b-4e17-86fb-d940f18a7412,consumable,,0,5dce5fcfe9ee479980c1ac36510647ad,,Epic,false,고대 두루마리. 사용하면 철 도구 제작법을 배웁니다.,,,,,research_iron_tools,,,,,,,,,,,,,,0,0,0,0,false,,,,,,,,,,,
roasted_grass,Roasted Grass,구운 풀,Item_Grass,896c7bd8-8a8a-48a8-a7c7-fc8c337c2a9b,consumable,,0,42832e2321194c6c9f6cbbe0d6e8b234,,Common,true,살짝 구운 풀. 채집 집중을 조금 올려 줍니다.,,,,,,gather_boost_small,,,,,,,,,,,,,0,0,0,0,false,,,,,,,,,,,
carrot_soup,Carrot Soup,당근 수프,Item_Grass,896c7bd8-8a8a-48a8-a7c7-fc8c337c2a9b,consumable,,0,4f0852b1fd204aaf99deec2e1863f329,,Uncommon,true,따뜻한 당근 수프. 채집 능력을 올려 줍니다.,,,,,,gather_boost_small,,,,,,,,,,,,,0,0,0,0,false,,,,,,,,,,,
veggie_stir_fry,Veggie Stir Fry,야채 볶음,Item_Grass,896c7bd8-8a8a-48a8-a7c7-fc8c337c2a9b,consumable,,0,5d7ce8997c5745c4a0eac1cd923bc12a,,Uncommon,true,가벼운 야채 볶음. 이동 속도를 올려 줍니다.,,,,,,move_boost_small,,,,,,,,,,,,,0,0,0,0,false,,,,,,,,,,,
feast_dish,Feast Dish,잔치 요리,Item_Grass,896c7bd8-8a8a-48a8-a7c7-fc8c337c2a9b,consumable,,0,8fddfba91d1a494a8d8abd748363f87e,,Rare,true,푸짐한 잔치 요리. 채집 집중이 크게 오릅니다.,,,,,,gather_boost_big,,,,,,,,,,,,,0,0,0,0,false,,,,,,,,,,,
cooking_pot,Cooking Pot,조리 냄비,Item_Furnace,f2d3a4b5-67c8-49d0-bfd1-ebd3c4a2a1b9,furniture,,0,3924ca24db0144cf8086380f3ffe3c6a,,Uncommon,true,음식 버프를 만드는 조리 냄비입니다.,,,,,,,6017c4c6f4c94c6d8dced78d350d3dac,,,,,,,,,,,,0,0,0,0,false,,,,,,,,,,,
fishing_rod,Fishing Rod,낚싯대,Item_StonePickaxe,0f6274e2-70fd-409b-8a20-7999c099c721,tool,rod,0,thumbnail://f5a279e6b90449268ab74c7a59e0db42,,Common,true,나무로 만든 간단한 낚싯대입니다.,f5a279e6b90449268ab74c7a59e0db42,swingT1,twohand,,,,,,,,,,,,,,,,0,1,0,0,false,,,,,,,,,,,
carp,Carp,잉어,Item_Wood,2cb8f37e-ef6b-4e17-86fb-d940f18a7412,resource,,0,9e7e33f2019048759d15b52ead227df3,,Common,true,흔한 민물고기입니다.,,,,,,,,,,,,,,,,,,,0,0,0,0,false,,,,,,,,,,,
shrimp,Shrimp,새우,Item_Wood,2cb8f37e-ef6b-4e17-86fb-d940f18a7412,resource,,0,0e59f6308f1a42e4b4939e0e3b165c2b,,Common,true,작은 새우입니다.,,,,,,,,,,,,,,,,,,,0,0,0,0,false,,,,,,,,,,,
salmon,Salmon,연어,Item_Wood,2cb8f37e-ef6b-4e17-86fb-d940f18a7412,resource,,0,b2ea8879b33246bb989cb7c9bc2b9318,,Uncommon,true,강에서 잡은 신선한 연어입니다.,,,,,,,,,,,,,,,,,,,0,0,0,0,false,,,,,,,,,,,
tuna,Tuna,참치,Item_Wood,2cb8f37e-ef6b-4e17-86fb-d940f18a7412,resource,,0,452133ae27214eb7b642e9af31669274,,Rare,true,크고 귀한 참치입니다.,,,,,,,,,,,,,,,,,,,0,0,0,0,false,,,,,,,,,,,
raw_meat,Raw Meat,생고기,Item_Wood,2cb8f37e-ef6b-4e17-86fb-d940f18a7412,resource,,0,90386dd054bf4acfa2b363d5d1c45478,,Common,true,멧돼지 생고기. 냄비에 구우면 푸짐한 식사가 됩니다.,,,,,,,,,,,,,,,,,,,0,0,0,0,false,,,,,,,,,,,
roasted_meat,Roasted Meat,구운 고기,Item_Wood,2cb8f37e-ef6b-4e17-86fb-d940f18a7412,consumable,,0,1b1ccb37d5de4ae5837fad85c54a8e58,,Uncommon,true,육즙 가득한 구운 고기. 공격력을 올려 줍니다.,,,,,,atk_boost_small,,,,,,,,,,,,,0,0,0,0,false,,,,,,,,,,,
animal_pen,Animal Pen,가축우리,Item_AnimalPen,874e9b73-0201-4579-b72f-56a6fb10439e,furniture,,0,5c883e34d4eb47ddb73df95e239fe737,,Common,true,가축을 기르는 나무 우리. 영지 농장에 설치합니다.,,,,,,,5c883e34d4eb47ddb73df95e239fe737,pen,,,,,,,,,,,0,0,0,0,false,,,,,,,,,,,
egg,Egg,달걀,Item_Grass,896c7bd8-8a8a-48a8-a7c7-fc8c337c2a9b,resource,,0,19adf1c9e3c742aabcf6fa7a9ac4e2eb,,Common,true,신선한 달걀. 요리하거나 납품할 수 있습니다.,,,,,,,,,,,,,,,,,,,0,0,0,0,false,,,,,,,,,,,
wool,Wool,양털,Item_Grass,896c7bd8-8a8a-48a8-a7c7-fc8c337c2a9b,resource,,0,06ed382326af42de98f007cfd81f83ca,,Common,true,부드러운 양털. 제작하거나 납품할 수 있습니다.,,,,,,,,,,,,,,,,,,,0,0,0,0,false,,,,,,,,,,,
chicken_ticket,Chicken Ticket,닭 입주권,Item_Wood,2cb8f37e-ef6b-4e17-86fb-d940f18a7412,consumable,,0,c1bc28ed67e54de4ba4eeb7fcd36cde3,,Uncommon,true,영지 가축우리 근처에서 사용해 닭을 들입니다.,,,,,,,,,,Chicken,,,,,,,,,0,0,0,0,false,,,,,,,,,,,
sheep_ticket,Sheep Ticket,양 입주권,Item_Wood,2cb8f37e-ef6b-4e17-86fb-d940f18a7412,consumable,,0,bb0d2f1ec25443ce818de52cd0e5b87b,,Uncommon,true,영지 가축우리 근처에서 사용해 양을 들입니다.,,,,,,,,,,Sheep,,,,,,,,,0,0,0,0,false,,,,,,,,,,,
egg_omelette,Egg Omelette,달걀 오믈렛,Item_Grass,896c7bd8-8a8a-48a8-a7c7-fc8c337c2a9b,consumable,,0,26ab1dcdcd2c463e96ce061d9e2b8b24,,Uncommon,true,폭신한 오믈렛. 채집 집중을 조금 올려 줍니다.,,,,,,gather_boost_small,,,,,,,,,,,,,0,0,0,0,false,,,,,,,,,,,
dog_whistle,Dog Whistle,개 호루라기,Item_Wood,2cb8f37e-ef6b-4e17-86fb-d940f18a7412,consumable,,0,abd9bdcfeb97424c847459303373070f,,Uncommon,true,개 동료를 부르는 호루라기. 사용해도 소모되지 않습니다.,,,,,,,,,,,Dog,,,,,,,,0,0,0,0,false,,,,,,,,,,,
monster_ward,Monster Ward,몬스터 와드,Item_MonsterWard,488664e9-e732-4f2e-9df5-9b0d36d0ec61,furniture,,0,aba58d2139ca4736bab39f6b4c39aa37,,Uncommon,true,몬스터를 멀리 떨어뜨려 낚시를 안전하게 합니다. 사냥터·보스맵에서 효과적입니다.,,,,,,,aba58d2139ca4736bab39f6b4c39aa37,monster_ward,,,,,,,4,5,180,,0,0,0,0,false,,,,,,,,,,,
water_spade,Water Spade,물삽,Item_StonePickaxe,0f6274e2-70fd-409b-8a20-7999c099c721,tool,water_spade,0,thumbnail://5803e76509014a149c11c07022ffae1c,,Common,true,"영지에 물길을 내는 넓은 삽. 1번 파서 2×2 물길을 내고, 한 번 더 파서 4×4로 넓히며, 다시 파서 흙으로 되메웁니다.",5803e76509014a149c11c07022ffae1c,stabO1,onehand,dig_water,,,,,,,,0.25,d3108d8baab446d1a5f8668e5a3bedf9,,,,,,0,1,0,0,false,,,,,,,,,,,
slime_jelly,Slime Jelly,슬라임 젤리,Item_Wood,2cb8f37e-ef6b-4e17-86fb-d940f18a7412,resource,,0,89ff14273d9940eebe8d44b003563915,,Common,true,잠식된 슬라임에서 걷힌 검은 이슬 표본입니다.,,,,,,,,,,,,,,,,,,,0,0,0,0,false,,,,,,,,,,,
purified_jelly,Purified Jelly,정화 젤리,Item_Wood,2cb8f37e-ef6b-4e17-86fb-d940f18a7412,consumable,,0,50faf654ee5d479cb2958edce9feaef0,,Uncommon,true,잠식을 걷어 낸 젤리. 채집 집중을 조금 올려 줍니다.,,,,,,gather_boost_small,,,,,,,,,,,,,0,0,0,0,false,,,,,,,,,,,
pier,Pier,나무 부두,Furniture_Pier,furniture_pier,furniture,,0,8d356cf966cd47a3a972e5bcf952c51c,,Common,false,바다로 뻗어 나가는 원목 부두 데크입니다.,,,,,,,,,,,,,,,,,,,0,0,0,0,true,,,,,,,,,,,
boat,Boat,나룻배,Furniture_Boat,furniture_boat,furniture,,0,d1e1d2b20a104e17950d35ec8860c349,,Common,false,마을과 사냥터로 출항하는 나룻배입니다.,,,,,,,,portal,,,,,,,,,,,0,0,0,0,false,,,,,,,,,,,
large_slime_jelly,Large Slime Jelly,대형 슬라임 젤리,Item_Wood,2cb8f37e-ef6b-4e17-86fb-d940f18a7412,resource,,0,10caa1f4a2644af5bc9050ccf0c3bd53,,Rare,true,슬라임킹의 핵이 굳어 만들어진 거대한 젤리. 네 멘토 모두가 전직 시험의 증표로 인정한다.,,,,,,,,,,,,,,,,,,0,0,0,0,0,false,,,,,,,,,,,
hunter_dagger,Hunter Dagger,사냥꾼의 투척검,Item_StonePickaxe,0f6274e2-70fd-409b-8a20-7999c099c721,tool,weapon,0,thumbnail://92bf8a758ee04f1aa044db9d8bcf1ec1,,Uncommon,true,트래퍼 전직의 증표. 가볍고 균형이 잡혀 던지기에도 손에 쥐고 찌르기에도 알맞다.,92bf8a758ee04f1aa044db9d8bcf1ec1,stabO1,,,,,,,,,,,5f9fd5d11f054593a85b1c66e5829723,d477416e1af84d8386291b5660851d2d,,,,0,10,2,0,4,false,,weapon,,,,,,,tier1,2,
smith_hammer,Smith Big Hammer,대장장이의 빅해머,Item_StonePickaxe,0f6274e2-70fd-409b-8a20-7999c099c721,tool,weapon,0,thumbnail://47177796f6964727a15e9bf30ca3b1e3,,Uncommon,true,배틀스미스 전직의 증표. 모루를 두드리던 무게 그대로 적의 갑주를 부순다.,47177796f6964727a15e9bf30ca3b1e3,swingT1,twohand,,,,,,,,,,dfed94ccf55e419bb8f1a447505f2b8a,b097e12f762a43ad84b2288baf57331e,,,,0,16,2,0,0,false,,weapon,,,,,,,tier1,2,
alchemy_wand,Azure Ember Wand,푸른 불씨 완드,Item_StonePickaxe,0f6274e2-70fd-409b-8a20-7999c099c721,tool,weapon,0,thumbnail://133e697ac731441a912f1e58ec2a9182,,Uncommon,true,알케미스트 전직의 증표. 끝에 맺힌 푸른 불씨가 마나를 증폭한다.,133e697ac731441a912f1e58ec2a9182,swingO1,,,,,,,,,,,5f9fd5d11f054593a85b1c66e5829723,d477416e1af84d8386291b5660851d2d,,,,0,4,2,12,4,false,,weapon,,,,,,,tier1,2,
nature_vine,Nature Vine,네이처 바인,Item_StonePickaxe,0f6274e2-70fd-409b-8a20-7999c099c721,tool,weapon,0,thumbnail://d834b2cb87f24aceac565762d455fb7d,,Uncommon,true,와일드키퍼 전직의 증표. 살아 있는 넝쿨이 주인의 부름에 맞춰 뻗어 나간다.,d834b2cb87f24aceac565762d455fb7d,swingO2,,,,,,,,,,,5f9fd5d11f054593a85b1c66e5829723,d477416e1af84d8386291b5660851d2d,,,,0,8,2,0,8,false,,weapon,,,,,,,tier1,2,
pig_ribbon,Pig Ribbon,돼지 리본,Item_Wood,2cb8f37e-ef6b-4e17-86fb-d940f18a7412,resource,,0,0c2847f2816d47f092f8348122008d7b,,Common,true,리본돼지가 매고 있던 앙증맞은 붉은 리본.,,,,,,,,,,,,,,,,,,,0,0,0,0,false,,,,,,,,,,,
orange_mushroom_cap,Orange Mushroom Cap,주황버섯 갓,Item_Wood,2cb8f37e-ef6b-4e17-86fb-d940f18a7412,resource,,0,0ed1b7cbeece48fa87e5f9ea37096d8d,,Common,true,주황버섯의 탱탱하고 탄력 있는 주황빛 갓.,,,,,,,,,,,,,,,,,,,0,0,0,0,false,,,,,,,,,,,
boar_leather,Boar Leather,멧돼지 가죽,Item_Wood,2cb8f37e-ef6b-4e17-86fb-d940f18a7412,resource,,0,0168adce54424b6abd9e6bc9db2ddb36,,Common,true,거칠고 질긴 멧돼지 가죽. 방어구와 가방 제작의 기초 소재.,,,,,,,,,,,,,,,,,,,0,0,0,0,false,,,,,,,,,,,
stump_wood,Hardwood Log,단단한 장작,Item_Wood,2cb8f37e-ef6b-4e17-86fb-d940f18a7412,resource,,0,575d2c78875f477db84dacc947a4bc86,,Common,true,스텀프의 밑동에서 떼어낸 단단한 장작. 고강도 목공술 연구의 핵심 재료.,,,,,,,,,,,,,,,,,,,0,0,0,0,false,,,,,,,,,,,
stump_leaf,Stump Leaf,스텀프 잎사귀,Item_Wood,2cb8f37e-ef6b-4e17-86fb-d940f18a7412,resource,,0,5e1d4e3045e34112ae743469df9b9b94,,Common,true,스텀프 머리에 돋은 질긴 잎사귀. 고원의 거친 바람에도 좀처럼 마르지 않는다.,,,,,,,,,,,,,,,,,,,0,0,0,0,false,,,,,,,,,,,
iron_fragment,Iron Fragment,철 조각,Item_Wood,2cb8f37e-ef6b-4e17-86fb-d940f18a7412,resource,,0,798c9751297543519cea1984b7b0333f,,Common,true,아이언호그의 갑주에서 떨어져 나온 철 조각. 강화 단조 공정 연구에 쓰인다.,,,,,,,,,,,,,,,,,,,0,0,0,0,false,,,,,,,,,,,
horn_fragment,Horn Fragment,뿔 조각,Item_Wood,2cb8f37e-ef6b-4e17-86fb-d940f18a7412,resource,,0,49b3f12c200044b591eeada1ae93a38d,,Common,true,뿔버섯의 단단한 뿔이 부러져 남은 조각. 바위 틈에서 자란 탓에 광물처럼 무겁다.,,,,,,,,,,,,,,,,,,,0,0,0,0,false,,,,,,,,,,,
soft_sand,Soft Sand,고운 모래,Item_Wood,2cb8f37e-ef6b-4e17-86fb-d940f18a7412,resource,,0,c9dcfd4f2a504e0fa3626a58adb41662,,Common,true,모래 언덕 깊은 곳에서만 퍼 올릴 수 있는 입자가 고운 모래. 유리와 주형의 바탕이 된다.,,,,,,,,,,,,,,,,,,,0,0,0,0,false,,,,,,,,,,,
mole_claw,Mole Claw,두더지 발톱,Item_Wood,2cb8f37e-ef6b-4e17-86fb-d940f18a7412,resource,,0,ab192dce46c34c3b9d932a78cf4e7ae8,,Common,true,모래두지가 굴을 파는 데 쓰던 단단한 발톱. 곡괭이 날 보강재로 탐나는 물건이다.,,,,,,,,,,,,,,,,,,,0,0,0,0,false,,,,,,,,,,,
cactus_thorn,Cactus Thorn,선인장 가시,Item_Wood,2cb8f37e-ef6b-4e17-86fb-d940f18a7412,resource,,0,24d371e7bfaf4ff2a6a49a5e0c4d5082,,Common,true,카투스가 쏘아 보내는 곧고 날카로운 가시. 바늘과 낚싯바늘 재료로 쓰인다.,,,,,,,,,,,,,,,,,,,0,0,0,0,false,,,,,,,,,,,
cactus_flower,Cactus Flower,카투스의 꽃,Item_Wood,2cb8f37e-ef6b-4e17-86fb-d940f18a7412,resource,,0,2a02777a2e134cc792db8b2c2b626890,,Common,true,몇 해에 한 번 피는 카투스의 꽃. 건조 지대 보습 기법 연구의 핵심 시료다.,,,,,,,,,,,,,,,,,,,0,0,0,0,false,,,,,,,,,,,
scorpion_stinger,Scorpion Stinger,전갈 독침,Item_Wood,2cb8f37e-ef6b-4e17-86fb-d940f18a7412,resource,,0,02178d88a24a49cf9418513cf11ebeb1,,Common,true,스콜피온의 꼬리 끝에서 떼어낸 독침. 다루기 까다롭지만 독성 중화 연구의 출발점이다.,,,,,,,,,,,,,,,,,,,0,0,0,0,false,,,,,,,,,,,
chitin_shell,Chitin Shell,키틴질 껍질,Item_Wood,2cb8f37e-ef6b-4e17-86fb-d940f18a7412,resource,,0,ad259c087aff47c7ba21e205e32b4495,,Common,true,사막 절지류의 등을 덮고 있던 두꺼운 껍질. 가볍고도 질겨 방어구 덧댐재로 알맞다.,,,,,,,,,,,,,,,,,,,0,0,0,0,false,,,,,,,,,,,
snake_scale,Snake Scale,방울뱀 비늘,Item_Wood,2cb8f37e-ef6b-4e17-86fb-d940f18a7412,resource,,0,42f339e91dd042908d1bef5ebfed05c1,,Common,true,벨라모아가 모래 능선을 미끄러질 때 벗겨진 비늘. 햇빛을 받으면 노을빛으로 일렁인다.,,,,,,,,,,,,,,,,,,,0,0,0,0,false,,,,,,,,,,,
yeti_horn,Yeti Horn,예티의 뿔,Item_Wood,2cb8f37e-ef6b-4e17-86fb-d940f18a7412,resource,,0,7e52f685e9eb44b4a78055b7b176ec54,,Common,true,예티의 정수리에 돋아난 단단한 뿔. 혹한의 냉기를 견디는 장비의 주재료가 된다.,,,,,,,,,,,,,,,,,,,0,0,0,0,false,,,,,,,,,,,
pepe_beak,Pepe Beak,페페의 부리,Item_Wood,2cb8f37e-ef6b-4e17-86fb-d940f18a7412,resource,,0,917b0f150fde453293c66b35c31762cc,,Common,true,페페의 단단한 노란 부리. 얼음을 쪼아 물고기를 낚을 만큼 튼튼하다.,,,,,,,,,,,,,,,,,,,0,0,0,0,false,,,,,,,,,,,
white_fang_tail,White Fang Tail,화이트팽의 꼬리,Item_Wood,2cb8f37e-ef6b-4e17-86fb-d940f18a7412,resource,,0,d3db25c3ea694b22b6be28f5961b4e5f,,Common,true,화이트팽의 풍성하고 부드러운 꼬리 털. 방한 장구 제작에 필수적이다.,,,,,,,,,,,,,,,,,,,0,0,0,0,false,,,,,,,,,,,
ice_piece,Ice Piece,얼음 조각,Item_Wood,2cb8f37e-ef6b-4e17-86fb-d940f18a7412,resource,,0,82f9fc2e1eeb44b2bbfc45be9ba3e4d2,,Common,true,만년설 깊은 곳에서 채취된 얼음 조각. 상온에서도 쉽게 녹지 않는다.,,,,,,,,,,,,,,,,,,,0,0,0,0,false,,,,,,,,,,,
snow_crystal,Snow Crystal,눈의 결정,Item_Wood,2cb8f37e-ef6b-4e17-86fb-d940f18a7412,resource,,0,086cb115636d4aaa91de07559b28c374,,Common,true,정교한 육각형을 띤 차가운 마력 결정. 상위 냉기 장비 제작의 핵심 재료다.,,,,,,,,,,,,,,,,,,,0,0,0,0,false,,,,,,,,,,,
leather_cap,Leather Cap,가죽 모자,Item_Wood,2cb8f37e-ef6b-4e17-86fb-d940f18a7412,equipment,,0,thumbnail://d2011189e7704e7ea96145241a65c0e6,,Common,true,멧돼지 가죽을 무두질해 만든 모자. 가벼운 충격을 막아 줍니다.,,,,,,,,,,,,,,,,,,,0,0,0,0,false,,helmet,4,1,,,,,tier1,1,
leather_armor,Leather Armor,가죽 갑옷,Item_Wood,2cb8f37e-ef6b-4e17-86fb-d940f18a7412,equipment,,0,thumbnail://1d290b78b2b54c3cbb9f5046b31a3264,,Common,true,질긴 멧돼지 가죽을 겹쳐 만든 갑옷. 초반 사냥의 든든한 기본기입니다.,,,,,,,,,,,,,,,,,,,0,0,0,0,false,,armor,8,1,,,,,tier1,1,
leather_gloves,Leather Gloves,가죽 장갑,Item_Wood,2cb8f37e-ef6b-4e17-86fb-d940f18a7412,equipment,,0,thumbnail://b1e8c6a49eb8452d98f95009739b73fd,,Common,true,손등을 덮는 가죽 장갑. 도구를 쥘 때도 미끄러지지 않습니다.,,,,,,,,,,,,,,,,,,,0,0,0,0,false,,gloves,3,1,,,,,tier1,1,
leather_shoes,Leather Shoes,가죽 신발,Item_Wood,2cb8f37e-ef6b-4e17-86fb-d940f18a7412,equipment,,0,thumbnail://6adaba0a6e9143949408fc9b0c4e45a1,,Common,true,발목까지 감싸는 가죽 신발. 거친 벌판길에 알맞습니다.,,,,,,,,,,,,,,,,,,,0,0,0,0,false,,shoes,3,1,,,,,tier1,1,
wooden_shield,Wooden Shield,나무 방패,Item_Wood,2cb8f37e-ef6b-4e17-86fb-d940f18a7412,equipment,,0,thumbnail://7d4cc6871503458bb8de7576c7047ef3,,Common,true,판자를 덧대어 만든 사각 방패. 투박하지만 몸을 가려 줍니다.,,,,,,,,,,,,,,,,,,,0,0,0,0,false,,shield,5,1,,,,,tier1,1,
copper_helmet,Copper Helmet,구리 투구,Item_Wood,2cb8f37e-ef6b-4e17-86fb-d940f18a7412,equipment,,0,thumbnail://51e9d8c51e054282ac7740c1dcfc9830,,Uncommon,true,구리 주괴를 두드려 만든 투구. 바위 고원의 낙석도 버팁니다.,,,,,,,,,,,,,,,,,,,0,0,0,0,false,,helmet,8,8,,,,,tier2,2,
copper_armor,Copper Armor,구리 갑옷,Item_Wood,2cb8f37e-ef6b-4e17-86fb-d940f18a7412,equipment,,0,thumbnail://a93409670ec84f49b695b733bf3ceb55,,Uncommon,true,구리 판을 가죽 위에 덧댄 갑옷. 묵직한 만큼 단단합니다.,,,,,,,,,,,,,,,,,,,0,0,0,0,false,,armor,16,8,,,,,tier2,2,
copper_gauntlets,Copper Gauntlets,구리 건틀릿,Item_Wood,2cb8f37e-ef6b-4e17-86fb-d940f18a7412,equipment,,0,thumbnail://ba209507783d4663adeb8f4e180ed685,,Uncommon,true,손목까지 구리로 감싼 건틀릿.,,,,,,,,,,,,,,,,,,,0,0,0,0,false,,gloves,6,8,,,,,tier2,2,
copper_boots,Copper Boots,구리 장화,Item_Wood,2cb8f37e-ef6b-4e17-86fb-d940f18a7412,equipment,,0,thumbnail://1dd86bece9b44f30bc9ae72381401f38,,Uncommon,true,정강이를 덮는 구리 장화.,,,,,,,,,,,,,,,,,,,0,0,0,0,false,,shoes,6,8,,,,,tier2,2,
copper_shield,Copper Shield,구리 방패,Item_Wood,2cb8f37e-ef6b-4e17-86fb-d940f18a7412,equipment,,0,thumbnail://bbc98614d1704e35874bf0f8ebc17fed,,Uncommon,true,나무 틀에 구리를 입힌 방패.,,,,,,,,,,,,,,,,,,,0,0,0,0,false,,shield,10,8,,,,,tier2,2,
iron_helmet,Iron Helmet,철 투구,Item_Wood,2cb8f37e-ef6b-4e17-86fb-d940f18a7412,equipment,,0,thumbnail://053b6901e20b465a82971f504bd7d83b,,Rare,true,얼굴까지 덮는 철 투구. 모래 폭풍과 서리도 막아 냅니다.,,,,,,,,,,,,,,,,,,,0,0,0,0,false,,helmet,14,14,,,,,tier3,2,
iron_armor,Iron Armor,철 갑옷,Item_Wood,2cb8f37e-ef6b-4e17-86fb-d940f18a7412,equipment,,0,thumbnail://d936956da3ec44079be5dcb6bf08a69f,,Rare,true,철 주괴로 짠 판금 갑옷. 관문 보스의 일격을 견디기 위한 장비입니다.,,,,,,,,,,,,,,,,,,,0,0,0,0,false,,armor,28,14,,,,,tier3,2,
iron_gauntlets,Iron Gauntlets,철 건틀릿,Item_Wood,2cb8f37e-ef6b-4e17-86fb-d940f18a7412,equipment,,0,thumbnail://92ed8a4dbb25436a8999f4a55283c954,,Rare,true,관절마다 철판을 댄 건틀릿.,,,,,,,,,,,,,,,,,,,0,0,0,0,false,,gloves,10,14,,,,,tier3,2,
iron_boots,Iron Boots,철 장화,Item_Wood,2cb8f37e-ef6b-4e17-86fb-d940f18a7412,equipment,,0,thumbnail://380d0a7f13b04d28a2b17ffdb32c27f2,,Rare,true,무릎까지 오는 철 장화.,,,,,,,,,,,,,,,,,,,0,0,0,0,false,,shoes,10,14,,,,,tier3,2,
iron_shield,Iron Shield,철 방패,Item_Wood,2cb8f37e-ef6b-4e17-86fb-d940f18a7412,equipment,,0,thumbnail://fd893baf636d4d288643550c724d1535,,Rare,true,두꺼운 철판 방패. 몸 전체를 가릴 만큼 큽니다.,,,,,,,,,,,,,,,,,,,0,0,0,0,false,,shield,18,14,,,,,tier3,2,
hunter_dagger_t2,Veteran Hunter Knife,노련한 사냥꾼의 단검,Item_StonePickaxe,0f6274e2-70fd-409b-8a20-7999c099c721,tool,weapon,0,thumbnail://623edb37903f49b5acb1517bb550d1fb,,Rare,true,마리가 젊은 시절 쓰던 사냥칼을 다시 벼린 단검. 덫에 걸린 짐승의 급소를 정확히 노린다.,623edb37903f49b5acb1517bb550d1fb,stabO1,,,,,,,,,,,5f9fd5d11f054593a85b1c66e5829723,d477416e1af84d8386291b5660851d2d,,,,0,18,3,0,8,false,,weapon,,8,,,,,tier2,2,
hunter_dagger_t3,Red Claw Dagger,붉은 발톱 단검,Item_StonePickaxe,0f6274e2-70fd-409b-8a20-7999c099c721,tool,weapon,0,thumbnail://82c7b53a4fd5462392bee6f2b001d506,,Epic,true,설원의 화이트팽을 사냥한 자에게만 허락되는 붉은 단검. 던진 칼날이 이상하게도 손으로 돌아온다.,82c7b53a4fd5462392bee6f2b001d506,stabO1,,,,,,,,,,,5f9fd5d11f054593a85b1c66e5829723,d477416e1af84d8386291b5660851d2d,,,,0,30,4,0,12,false,,weapon,,16,,AmmoSave,0.2,고유 효과: 투척 탄약 보존 +20%,tier3,3,
scorpion_fang_dagger,Scorpion Fang Dagger,전갈 독침 단검,Item_StonePickaxe,0f6274e2-70fd-409b-8a20-7999c099c721,tool,weapon,0,thumbnail://4356efc7cca34a6394e037f339332e64,,Epic,true,데우가 품고 있던 거대 전갈의 독침을 깎아 만든 단검. 사냥감의 값진 부위를 놓치지 않는다.,4356efc7cca34a6394e037f339332e64,stabO1,,,,,,,,,,,5f9fd5d11f054593a85b1c66e5829723,d477416e1af84d8386291b5660851d2d,,,,0,24,4,0,10,false,,weapon,,14,,LootChance,0.1,고유 효과: 자연 전리품 추가 획득 확률 +10%,tier3,3,
smith_hammer_t2,Steelball Hammer,로체의 강철구 망치,Item_StonePickaxe,0f6274e2-70fd-409b-8a20-7999c099c721,tool,weapon,0,thumbnail://afa0b6e01e5c41d29789796905547bcd,,Rare,true,철 조각을 녹여 부어 만든 묵직한 쇠공 망치. 로체가 자기 망치보다 낫다며 투덜거렸다.,afa0b6e01e5c41d29789796905547bcd,swingT1,twohand,,,,,,,,,,dfed94ccf55e419bb8f1a447505f2b8a,b097e12f762a43ad84b2288baf57331e,,,,0,26,3,0,0,false,,weapon,,8,,,,,tier2,2,
smith_hammer_t3,Golden Anvil Hammer,황금 모루망치,Item_StonePickaxe,0f6274e2-70fd-409b-8a20-7999c099c721,tool,weapon,0,thumbnail://cf2c06c4312d4d6992b3f2f3c55bb045,,Epic,true,로체가 평생 한 번만 벼린다는 황금빛 모루망치. 휘두를수록 몸이 먼저 다음 동작을 기억한다.,cf2c06c4312d4d6992b3f2f3c55bb045,swingT1,twohand,,,,,,,,,,dfed94ccf55e419bb8f1a447505f2b8a,b097e12f762a43ad84b2288baf57331e,,,,0,42,4,0,0,false,,weapon,,16,,CooldownPct,0.08,고유 효과: 모든 스킬 재사용 대기시간 -8%,tier3,3,
echo_stone_hammer,Echo Stone Hammer,울림돌 망치,Item_StonePickaxe,0f6274e2-70fd-409b-8a20-7999c099c721,tool,weapon,0,thumbnail://4f3b9177598349f99ebfc56f286407d5,,Epic,true,스톤골렘의 몸에서 떨어져 나온 울림돌을 그대로 자루에 박은 망치. 바위가 먼저 겁을 먹고 갈라진다.,4f3b9177598349f99ebfc56f286407d5,swingT1,twohand,,,,,,,,,,dfed94ccf55e419bb8f1a447505f2b8a,b097e12f762a43ad84b2288baf57331e,,,,0,36,4,0,0,false,,weapon,,12,,MinePower,3,고유 효과: 채집 타격 위력 +3,tier3,3,
alchemy_wand_t2,Crystal Ember Wand,크리스탈 불씨 완드,Item_StonePickaxe,0f6274e2-70fd-409b-8a20-7999c099c721,tool,weapon,0,thumbnail://102c15b28a944d2f905872dd10f795ec,,Rare,true,엘렌이 결정화 실험 끝에 불씨를 수정 속에 가둔 완드. 마나가 흘러 넘치지 않고 고르게 모인다.,102c15b28a944d2f905872dd10f795ec,swingO1,,,,,,,,,,,5f9fd5d11f054593a85b1c66e5829723,d477416e1af84d8386291b5660851d2d,,,,0,6,3,22,6,false,,weapon,,8,,,,,tier2,2,
alchemy_wand_t3,Skyflame Wand,창공 불꽃 완드,Item_StonePickaxe,0f6274e2-70fd-409b-8a20-7999c099c721,tool,weapon,0,thumbnail://d8bc9682c6a849ab941993a36c0e7e5c,,Epic,true,눈의 결정으로 식혀 가며 완성한 완드. 끝에 맺힌 푸른 불꽃은 절대 꺼지지 않는다.,d8bc9682c6a849ab941993a36c0e7e5c,swingO1,,,,,,,,,,,5f9fd5d11f054593a85b1c66e5829723,d477416e1af84d8386291b5660851d2d,,,,0,8,4,36,10,false,,weapon,,16,,ManaRegen,1,고유 효과: 초당 MP 회복 +1,tier3,3,
slime_crown_wand,Slime Crown Wand,끈적이는 왕관 완드,Item_StonePickaxe,0f6274e2-70fd-409b-8a20-7999c099c721,tool,weapon,0,thumbnail://3ae7d735d1d5420697f525f0b0696ce1,,Epic,true,슬라임킹의 왕관 조각이 굳어 붙은 완드. 쥐고 있으면 마나 그릇이 한결 넓어진다.,3ae7d735d1d5420697f525f0b0696ce1,swingO1,,,,,,,,,,,5f9fd5d11f054593a85b1c66e5829723,d477416e1af84d8386291b5660851d2d,,,,0,6,4,28,8,false,,weapon,,10,,MaxMana,40,고유 효과: 최대 MP +40,tier3,3,
nature_staff_t2,Old Tree Staff,고목나무 스태프,Item_StonePickaxe,0f6274e2-70fd-409b-8a20-7999c099c721,tool,weapon,0,thumbnail://2bb5fd1f15984d6b8ae81e9dd7a5cba9,,Rare,true,고원의 늙은 나무가 스스로 떨군 가지로 만든 스태프. 토리가 오래 쓰다듬어 결이 부드럽다.,2bb5fd1f15984d6b8ae81e9dd7a5cba9,swingO2,,,,,,,,,,,5f9fd5d11f054593a85b1c66e5829723,d477416e1af84d8386291b5660851d2d,,,,0,14,3,0,14,false,,weapon,,8,,,,,tier2,2,
nature_staff_t3,Emerald Snow Staff,만년설 에메랄드 스태프,Item_StonePickaxe,0f6274e2-70fd-409b-8a20-7999c099c721,tool,weapon,0,thumbnail://e3b8c9c46de04405ab6d0f0bf10e5385,,Epic,true,만년설 아래에서도 푸르름을 잃지 않은 에메랄드를 품은 스태프. 쥔 사람의 숨결을 천천히 되살린다.,e3b8c9c46de04405ab6d0f0bf10e5385,swingO2,,,,,,,,,,,5f9fd5d11f054593a85b1c66e5829723,d477416e1af84d8386291b5660851d2d,,,,0,22,4,0,22,false,,weapon,,16,,OutOfCombatHealPct,0.01,고유 효과: 전투 밖 초당 최대 체력 1% 회복,tier3,3,
first_garden_branch,First Garden Branch,첫 정원의 나뭇가지,Item_StonePickaxe,0f6274e2-70fd-409b-8a20-7999c099c721,tool,weapon,0,thumbnail://66f0427e33a04e7dbfa280ec19541452,,Epic,true,스노우맨이 그늘의 핵과 함께 품고 있던 오래된 나뭇가지. 가축들이 이 가지 냄새만 맡아도 얌전해진다.,66f0427e33a04e7dbfa280ec19541452,swingO2,,,,,,,,,,,5f9fd5d11f054593a85b1c66e5829723,d477416e1af84d8386291b5660851d2d,,,,0,20,4,0,20,false,,weapon,,16,,AnimalCare,0.15,고유 효과: 가축 먹이 친밀도·생산 대기 단축 +15%,tier3,3,
fist_wrap_t2,Steel Fist Wraps,강철주먹 아대,Item_Wood,2cb8f37e-ef6b-4e17-86fb-d940f18a7412,equipment,,0,thumbnail://c80eb7c8ad1f45988e6d74b1c95a0b13,,Rare,true,철 조각을 덧댄 가죽끈을 주먹에 칭칭 감은 아대. 루카스가 젊을 때 매일 밤 감고 풀던 물건이다.,,,,,,,,,,,,,,,,,,0,0,0,0,0,false,,gloves,9,8,,,,,tier2,2,
red_knuckle_t3,Red Knuckle,붉은 너클,Item_Wood,2cb8f37e-ef6b-4e17-86fb-d940f18a7412,equipment,,0,thumbnail://f7f8bf70eb424e1b97faf4af8356de14,,Epic,true,「붉은 너클의 루카스」라는 이름의 유래. 40년 동안 벽에 걸려 있던 너클이 다시 피를 끓게 한다.,,,,,,,,,,,,,,,,,,0,0,0,0,0,false,,gloves,16,16,,BuffDurationPct,0.15,고유 효과: 자가 강화 지속시간 +15% (삼위일체 균형도 비례),tier3,3,
frost_fang_knuckle,Frost Fang Knuckle,설원 송곳니 너클,Item_Wood,2cb8f37e-ef6b-4e17-86fb-d940f18a7412,equipment,,0,thumbnail://fe25f3973345486a836f8b9b539d268a,,Epic,true,스노우맨의 얼어붙은 송곳니를 박아 넣은 너클. 주먹을 쥘 때마다 다음 일격이 빨리 차오른다.,,,,,,,,,,,,,,,,,,0,0,0,0,0,false,,gloves,13,16,,CooldownPct,0.06,고유 효과: 모든 스킬 재사용 대기시간 -6%,tier3,3,
part_viscous_core,Viscous Jelly Core,점성 젤리 코어,Item_Wood,2cb8f37e-ef6b-4e17-86fb-d940f18a7412,resource,,0,10caa1f4a2644af5bc9050ccf0c3bd53,,Uncommon,true,슬라임 젤리를 구리 주괴 틀에 굳힌 주문 부여 파츠. 무기에 새기면 적중한 적이 끈적하게 느려진다.,,,,,,,,,,,,,,,,,,0,0,0,0,0,false,,,,,,,,,,,
part_boar_tassel,Boar Hide Tassel,멧돼지 가죽 장식,Item_Wood,2cb8f37e-ef6b-4e17-86fb-d940f18a7412,resource,,0,0168adce54424b6abd9e6bc9db2ddb36,,Uncommon,true,질긴 멧돼지 가죽을 엮은 장식. 신발에 새기면 발걸음이 가벼워진다.,,,,,,,,,,,,,,,,,,0,0,0,0,0,false,,,,,,,,,,,
part_iron_rune,Iron Plate Rune,철편 덧댐 룬,Item_Wood,2cb8f37e-ef6b-4e17-86fb-d940f18a7412,resource,,0,79f438d0427142f09f979b58e982b1bd,,Rare,true,철 조각을 겹쳐 새긴 룬. 갑옷에 새기면 받는 충격을 나눠 흘린다.,,,,,,,,,,,,,,,,,,0,0,0,0,0,false,,,,,,,,,,,
part_cactus_charm,Cactus Bloom Charm,카투스 꽃 부적,Item_Wood,2cb8f37e-ef6b-4e17-86fb-d940f18a7412,resource,,0,914eb87802b64924b5f78bb97a55faeb,,Rare,true,말린 카투스의 꽃을 키틴질로 감싼 부적. 투구에 새기면 마나 그릇이 넓어진다.,,,,,,,,,,,,,,,,,,0,0,0,0,0,false,,,,,,,,,,,
part_frost_knot,Frost Crystal Knot,서리 결정 매듭,Item_Wood,2cb8f37e-ef6b-4e17-86fb-d940f18a7412,resource,,0,79f438d0427142f09f979b58e982b1bd,,Epic,true,눈의 결정을 얼음 끈으로 묶은 매듭. 장갑에 새기면 기술이 한 박자 빨리 차오른다.,,,,,,,,,,,,,,,,,,0,0,0,0,0,false,,,,,,,,,,,
part_chain_shard,Binding Chain Shard,속박의 사슬 파편,Item_Wood,2cb8f37e-ef6b-4e17-86fb-d940f18a7412,resource,,0,10caa1f4a2644af5bc9050ccf0c3bd53,,Epic,true,관문 보스를 묶어 두던 그늘의 사슬 조각. 무기에 새기면 발이 묶이거나 느려진 적을 더 세게 친다. 보스에게서만 얻는다.,,,,,,,,,,,,,,,,,,0,0,0,0,0,false,,,,,,,,,,,
part_gatekeeper_core,Gatekeeper Core,관문 수호자의 핵,Item_Wood,2cb8f37e-ef6b-4e17-86fb-d940f18a7412,resource,,0,914eb87802b64924b5f78bb97a55faeb,,Epic,true,관문을 지키던 수호자의 심장부 결정. 무기에 새기면 거대한 적에게 더 큰 피해를 준다. 보스에게서만 얻는다.,,,,,,,,,,,,,,,,,,0,0,0,0,0,false,,,,,,,,,,,
pioneer_record,Pioneer Record,개척단의 빛바랜 기록,Item_Wood,2cb8f37e-ef6b-4e17-86fb-d940f18a7412,resource,,0,6504c5b1c39647858f015e0557c1c71f,,Rare,false,모래두지가 우물가에서 파낸 첫 개척단의 기록. 촌장에게 가져가 읽어 보자.,,,,,,,,,,,,,,,,,,,0,0,0,0,false,,,,,,,,,,,
garden_lantern,Garden Lantern,정원의 등불,Item_Wood,2cb8f37e-ef6b-4e17-86fb-d940f18a7412,furniture,,0,4fda636b86be4259b0bc1ca9a0ddc748,,Epic,false,첫 정원의 꺼진 등불에 푸른 불씨를 다시 옮겨 담았다. 영지에 두면 은은하게 빛난다.,,,,,,,4fda636b86be4259b0bc1ca9a0ddc748,,,,,,,,,,,,0,0,0,0,false,,,,,true,,,,,,
inventory_guard_ticket,Inventory Guard Ticket,인벤토리 보호권,Item_Wood,2cb8f37e-ef6b-4e17-86fb-d940f18a7412,consumable,,0,279f6b0b5c91478eb89987b5dd4de024,,Rare,true,가지고 있으면 쓰러질 때 자동으로 1개 사용돼 가방 속 자원을 잃지 않게 지켜 줍니다.,,,,,,,,,,,,,,,,,,,0,0,0,0,false,,,,,,,,,,,protect_inventory
instant_revive_ticket,Instant Revive Ticket,즉시 부활권,Item_Wood,2cb8f37e-ef6b-4e17-86fb-d940f18a7412,consumable,,0,a9ee3d9e84a44a8f909b1b99ebd0c345,,Epic,true,쓰러졌을 때 사용하면 그 자리에서 바로 일어나고 잃은 물건도 되찾습니다. 레이드 중에도 쓸 수 있습니다.,,,,,,,,,,,,,,,,,,,0,0,0,0,false,,,,,,,,,,,instant_revive
